common.opening;OUVERTURE
common.opening.opening;Accueil
common.opening.opening.desc;E-mail :<br/>Salutations correctes comme M. / Mme / Mlle, etc. et avec le nom correct du client<br/><br/>Téléphone<br/>Salutation, présentation.<br/>Utilisez une « poignée de main » verbale.
common.opening.opening.passed;E-mail<br/>L'agent a :<br/>- Accueilli le client avec son nom.<br/> - Identifié le client  en utilisant la bonne salutation de genre (par exemple : M./Mme, etc.)<br/><br/>Téléphone<br/>- L'agent salue le client, utilise une poignée de main verbale<br/>- L'agent a donné le nom de la marque/société (Salt --non applicable pour LIDL)<br/>- Il s'identifie
common.opening.opening.failed;E-mail :<br/>- Il n'a pas utilisé le bon nom du client lors de l'accueil.<br/>- Il y a une faute d'orthographe dans le nom du client.<br/>- L'agent a identifié le client  en utilisant une salutation de genre erronée (c'est-à-dire M. ou Mme, etc.)<br/><br/>Téléphone:<br/>L'agent s'écarte de l'une des 3 exigences nécessaire pour réussir
common.opening.identification;Identification
common.opening.identification.desc;Vérification correcte du client (selon le procédure d'identification).
common.opening.identification.passed;Agent a vérifié de manière appropriée selon la procédure d'identification.
common.opening.identification.failed;E-mail:<br/>L'agent n'a pas suivi la <a href='http://qoom.salt.ch/knowledge/handling/ticket/contact_form-how_to_identify_the_applicant' target='_blank'>procédure d'identification</a>. <br/>Le score total de l'appel deviendra zéro car il s'agit d'une erreur fatale.<br/><br/>Téléphone :<br/>L'agent n'a pas suivi la <a href='http://qoom.salt.ch/knowledge/handling/voice/customer_service-how_to_identify_the_caller' target='_blank'>procédure d'identification</a>. <br/>La sur-vérification n'est pas un échec. Le score total de l'appel deviendra zéro car il s'agit d'une erreur fatale. 
common.resolution;ÉTAPES DE LA RÉSOLUTION
common.resolution.diagnostic;Compréhension et diagnostic des problèmes
common.resolution.diagnostic.desc;Diagnostic correct de la demande du client.<br/>Expliquez le problème du client. <br/>Examinez l'historique du cas et la raison du problème.
common.resolution.diagnostic.passed;"E-mail:<br/>- L'agent a identifié la demande du client et la raison du problème.<br/>- L'agent a examiné l'historique du cas et le contexte pour comprendre le problème (le cas échéant).<br/>- L'agent a fourni une explication correcte de comment/pourquoi le problème s'est produit.<br/>- L'agent a prêté attention à la demande/requête du client.<br/>- L'agent a réussi à identifier le profil du client (c'est-à-dire ensoleillé / nuageux / orageux) - pour adapter la réponse en conséquence.<br/><br/>Téléphone :<br/>- Le CSS a réussi à comprendre le problème du client et à l'identifier rapidement.  <br/>- Le CSS a posé des questions ouvertes / questions fermées -- Si nécessaire.<br/>- Le CSS a posé des questions alternatives pour comprendre le problème.<br/>- Le CSS a posé des questions d'approfondissement appropriées qui ont permis de bien comprendre les préoccupations du client.<br/><br/>Exemples :<br/>« Je veux m'assurer que je comprends bien ce que vous me dites. Donc, ...""<br/>« Si je comprends bien, ... »<br/>« Donc, ce que je comprends jusqu'à présent, c'est... ce serait bien si vous pouviez m'en dire un peu plus sur... »<br/>QUESTIONS OUVERTES <br/>par exemple: comment, pourquoi, quand, qui, quoi, où ?<br/>Exemples :<br/>- Combien de fois cela se produit-il ?<br/>- Qu'avez-vous fait avant que le problème ne commence ?<br/>- Qu'est-ce qu'il vous a affiché alors ?<br/>QUESTIONS FERMÉES<br/>par exemple : avez-vous, pouvez-vous, est-il, voulez-vous ?<br/>Exemples :<br/>- Avez-vous essayé d'effectuer un appel/test pour voir si une page google s'ouvre ?<br/>- Voyez-vous les barres du réseau/signal ?<br/>- Êtes-vous d'accord avec cela ?"
common.resolution.diagnostic.failed;E-mail :<br/>- L'agent n'a pas identifié correctement la demande du client ni la raison du problème.<br/>- L'agent n'a pas examiné l'historique du cas et le contexte pour comprendre le problème (le cas échéant).<br/>- L'agent n'a pas fourni une explication correcte concernant comment/pourquoi le problème s'est produit.<br/>- L'agent s'est empressé de faire des hypothèses hâtives/erronées concernant le problème du client (il n'a pas lu attentivement l'e-mail/la demande/la requête du client).<br/>- L'agent n'a pas réfléchi à la demande du client.<br/>- L'agent n'a pas réussi à identifier le profil du client (c'est-à-dire ensoleillé / nuageux / orageux) -  donc il n'a pas adapté la réponse en conséquence.<br/><br/>Téléphone :<br/>- Le CSS n'a pas posé les questions appropriées pour clarifier le problème. <br/>- Le CSS n'a pas posé de questions ouvertes / questions fermées -- partout/si nécessaire.<br/>- Le CSS n'a pas posé des questions alternatives pour comprendre le problème.<br/>- Le CSS n'a pas réussi à comprendre le problème du client et à l'identifier rapidement.<br/>- Le CSS a posé des questions qui n'étaient pas appropriées à la situation.
common.resolution.solution;Solution
common.resolution.solution.desc;Informations complètes et correctes. Solution à long terme pour éviter la répétition de ce genre de situation. Reconnaître les occasions de montrer les valeurs de l'entreprise (qualité, produits) au client et proposer des options. Traitement des objections. Compensations correctes. La fidélisation des clients. Mesures prises.<br/><br/>Changez de catégorie et faites remonter l'information via Better Together si un ticket inutile a été créé ou s'il a été envoyé à la mauvaise équipe (en raison de l'utilisation d'une mauvaise catégorie de cas) ou s'il a été fait de manière incomplète.
common.resolution.solution.passed;Quand :<br/>- L'agent a fourni des informations précises et complètes, a apporté des solutions au problème du client et des prestations supplémentaires y relatives. <br/>- L'agent a fourni des solutions claires et pertinentes à la situation et a expliqué la procédure détaillé pour gérer le client.<br/>- L'agent a tenté de fidéliser le client en lui proposant une offre adaptée à ses besoins (changement de PP, extension SIMO ou avec appareil, achat d'un nouvel abonnement, création d'un cas WB2, ...).<br/>- Toutes les politiques et procédures ont été suivies. <br/>- Les mesures ont été prises correctement et en conséquence.<br/>- Il ne manquait que des directives mineures qui n'ont pas eu d'impact négatif sur le client ou l'entreprise.<br/>- Si le client avait besoin d'une ou plusieurs précisions supplémentaires : L'agent a résolu le problème sur la base des informations fournies et a ensuite posé d'autres questions appropriées pour résoudre le problème.<br/>- En cas de courrier IDF : L'agent fournit des informations générales dans la mesure du possible (en évitant de violer la sécurité) et ajoute ensuite l'IDF/message en fonction des besoins/demandes.<br/>- Changez de catégorie et faites remonter l'information via Better Together si un ticket inutile a été créé ou attribué à la mauvaise équipe (en raison de l'utilisation d'une mauvaise catégorie de cas) ou s'il a été fait de manière incomplète
common.resolution.solution.failed;Quand :<br/>- L'agent a fourni des informations incorrectes ou incomplètes<br/>- L'information n'était pas liée au problème du client.<br/>- L'agent n'a pas réussi à trouver une solution. <br/>- L'agent a tenté de fournir une solution qui n'était pas adaptée à la situation. <br/>- L'agent n'a pas essayé de retenir le client et ne lui a pas proposé d'offre (adaptée).<br/>- La politique ou la procédure a été violée. <br/>- L'agent a suivi des directives incorrectes pour la situation ou n'a pas entièrement adhéré à la politique. <br/>- L'agent n'a pas posé d'autres questions appropriées pour résoudre le problème, si des informations supplémentaires sont nécessaires. <br/>- L'agent a donné une compensation en dehors des directives.<br/>- Si le client avait besoin d'explication(s) supplémentaire(s) : L'agent a évité de donner des informations/un support (qui auraient été basés sur les informations déjà fournies par le client) et a plutôt posé directement des questions et des précisions supplémentaires.<br/>- En cas de courrier IDF : L'agent n'a pas fourni d'informations générales (dans la mesure où cela est possible, en évitant une violation de la sécurité) et a seulement ajouté l'IDF/message.<br/>Le score total de l'appel deviendra zéro car il s'agit d'une erreur fatale.<br/>- L'agent a simplement fermé le ticket sans le réacheminer vers la bonne équipe<br/>- Pas de Better Together pour mettre en évidence la mauvaise gestion de la par la personne qui a créé le cas 
common.resolution.proactivity;Proactivité / Solution future
common.resolution.proactivity.desc;Reconnaître les occasions de montrer au client les valeurs de l'entreprise  (qualité, produits, etc.).<br/>Proposer des options et des alternatives.<br/>Volonté de résoudre des problèmes supplémentaires non proposés par le client.
common.resolution.proactivity.passed;Quand :<br/>- L'agent a anticipé d'autres problèmes/questions, a fourni des informations supplémentaires et a pris des mesures pour éviter que les problèmes ne se reproduisent.<br/>- L'agent a fait un effort supplémentaire en donnant au client des canaux alternatifs (Mon Compte, FAQ, etc.) que le client peut consulter pour s'aider la prochaine fois au lieu d'appeler ou d'écrire. <br/>Nécessité de penser aux futurs problèmes potentiels liés à la solution fournie<br/>- Upsell/cross sell pour prévenir les chocs lors de la consultation des factures ou les plaintes (mise à niveau, extender Wi-Fi, etc.)
common.resolution.proactivity.failed;Quand :<br/>- L'agent n'a pas anticipé d'autres problèmes/questions et n'a donc pas fourni d'informations supplémentaires ou pris des mesures pour éviter que les problèmes ne se reproduisent.<br/>- L'agent n'a pas fait l'effort supplémentaire de donner au client des canaux alternatifs que le client peut consulter pour s'aider la prochaine fois au lieu d'appeler ou d'écrire. <br/>- L'agent n'a pas beaucoup réfléchi aux problèmes potentiels futurs liés à la solution fournie.
common.resolution.system;Utilisation du système et notes
common.resolution.system.desc;Wrap-up et notes corrects, et utilisation efficace des outils.
common.resolution.system.passed;Quand :<br/>- Utilisation efficace des outils (mémos, onglets SuperOffice, outils externes, etc.).<br/>- Notes détaillées complètes sur l'interaction avec le client dans les systèmes appropriés (par exemple: mémos wrap-up dans SO, VTI, etc.) et informations nécessaires dans « External ticket ID » (contractor, FLL,...) dans SO. <br/>- Bonne catégorie wrap-up.<br/>- Effacer le message laissé dans l'onglet « Message interne » (e-mail/cas).<br/>- Le ticket a le bon statut (e-mail/cas).<br/>- Ajout des informations nécessaires dans le champ  « External ticket ID » dans SO (contractor, FLL,...) (pour email/case).
common.resolution.system.failed;Quand :<br/>- L'agent n'a pas utilisé de manière efficace tous les outils disponibles (mémos, onglets de SuperOffice, outils externes, etc.)<br/>- Il n'y a pas de notes détaillées sur l'interaction avec le client dans les systèmes appropriés (par exemple : mémo de synthèse oublié dans certains outils) et aucune information n'est ajoutée dans «External ticket ID» dans le SO (e-mail/cas). <br/>- La catégorie de wrap-up est erronée / ne correspond pas à l'interaction ou aux actions effectuées par l'agent.<br/>- Le statut du ticket est erroné.<br/>- Création incorrecte du cas.
common.communication;COMMUNICATION
inbound.communication.listening;Écoute active
inbound.communication.listening.desc;Avant de vous engager dans une solution, écoutez activement le client. Paraphrasez le point de vue du client, si nécessaire.<br/><br/>L'écoute active dans le service clientèle signifie être totalement concentré sur les mots que le client prononce, comprendre ce que ces mots signifient et répondre d'une manière qui valide ce qu'il dit.
inbound.communication.listening.passed;"Quand :<br/>- Le CSS a suivi l'approche « Observer, vérifier et observer »<br/>- Le CSS a utilisé le hochement de tête verbal tout au long de l'appel (par exemple : « Je vois... / Je comprends... / Hmm, oui, laissez-moi vérifier cela pour vous... », etc.)<br/>- Concentrez-vous sur ce que dit le client, plutôt que sur ce que vous allez dire en réponse<br/>- Concentrez-vous sur ce que le client ne dit pas - le ton de la voix <br/>- N'interrompez pas - personne n'aime être interrompu au milieu d'une phrase<br/>- Accordez toute votre attention au client et faites abstraction des distractions ; ne faites surtout pas de multitâche lorsque vous parlez à un client<br/>- Prenez des notes rapides, mais ne les laissez pas vous distraire de ce que dit le client<br/>- Répétez de temps en temps ce que le client vous a dit, pour confirmer que vous avez les bonnes informations et pour montrer que vous êtes attentif<br/>- Ne le prenez pas personnellement lorsqu'un client est contrarié - souvent, il veut simplement que vous validiez sa frustration avant de passer à une solution<br/>- Vérifiez fréquemment que vous recueillez les bonnes informations et que vous comprenez bien le problème"
inbound.communication.listening.failed; Quand :<br/>- Le CSS n'a pas suivi l'approche « Observer, vérifier et observer »<br/>- Le CSS n'a pas utilisé le hochement de tête verbal tout au long de l'appel<br/>- Le CSS semblait distrait lorsque le client parlait<br/>- Le client a dû répéter la même chose<br/>- Le CSS n'a pas écouté l'information fournie et le client a dû répéter plusieurs fois la même information<br/>- Le CSS interrompt le client<br/>- Le CSS ne s'assure pas de collecter les bonnes données
case.communication.contact;Mode de contact
case.communication.contact.desc;Est-ce le bon moyen de contacter le client (appel ? envoi de template ?)
case.communication.contact.passed;Quand :<br/>- L'agent priorise l'appel lorsque le cas est complexe, sensible (une plainte) ou requiert plusieurs actions de la part du client<br/>- L'agent priorise l'envoi d'un template (le bon template de résolution) lorsque le client n'a pas pu être joint par téléphone ou pour les cas simples pour lesquels un template est disponible (par exemple pour une compensation effectuée)
case.communication.contact.failed;Quand :<br/>- L'agent n'a pas donné la priorité à l'appel du client ou à l'envoi d'un template (ou il a envoyé le mauvais template).
common.communication.softskills;Compétences de bases
common.communication.softskills.desc;Démonstration de compétences de base et d'empathie. <br/>Reconnaissance des sentiments du client.<br/>Capacité qui permet de comprendre le point de vue du client, même si vous n'êtes pas forcément d'accord.<br/>- communiquer avec sincérité<br/>- aborder à la fois les faits et les sentiments<br/>- faire preuve d'un niveau de préoccupation approprié<br/>- rester objectif
common.communication.softskills.passed;"Quand :<br/>- Le ton de l'e-mail/de la voix est amical et personnalisé.<br/>- Utilisez des déclarations empathiques en fonction du ton du client ou en vous adaptant à lui. <br/>- Utilisez des mots magiques, des affirmations positives, des formules de renforcement de l'esprit d'équipe.<br/>- Établir la confiance avec le client, le mettre à l'aise et le valoriser.<br/>- Reconnaissez les préoccupation, le cas échéant.<br/>- Traitez d'abord les sentiments du client, surtout si le ton du client montre de la frustration/irritation/sarcasme/colère, etc.<br/>EXEMPLES / utilisation d'expressions comme :<br/>enthousiaste, amical<br/>« S'il vous plaît / Merci / Excellent / Je serais heureux de... Bien sûr... »                                                                                                                                                            <br/>empathie<br/>« Je comprends votre inquiétude », etc.<br/>« Je suis désolé d'entendre cela. Je me rends compte que cela doit être frustrant pour vous »,<br/>« Je réalise que cela doit/peut être frustrant pour vous. Permettez-moi de vous aider à résoudre cette situation. La première chose que nous devons faire est...»<br/>« Je comprends votre préoccupation/problème et je vais vérifier ici comment nous pouvons le résoudre.... »<br/>« Je comprends votre point de vue.  La première chose que je vais faire/vérifier pour vous... » <br/>Traitez d'abord les sentiments du client (en particulier s'il est en colère) <br/>« Je sais parfaitement que cela peut être frustrant. Je peux comprendre ce que vous ressentez » <br/>« Je me rends compte que cette situation est difficile, je vais donc essayer de trouver une solution pour vous » <br/>« Je comprends ce que vous dites.  Permettez-moi de voir comment je peux vous aider sur ce point... »<br/>« Merci d'avoir pris le temps de nous écrire"" (e-mail/cas).<br/>« Merci pour votre e-mail. Nous apprécions l'opportunité de vous expliquer ce qui s'est passé » (e-mail, cas).<br/>« Nous apprécions toujours les clients qui prennent le temps de nous donner leur avis. Je vais transmettre ce que vous avez dit à notre équipe de direction »<br/>Sentiment d'immédiateté<br/>« Ce que je suis en train de faire pour vous aider est... » (Téléphone)"
common.communication.softskills.failed;Quand :<br/>- Le ton de l'e-mail/de la voix est indifférent, sec, robotique, « plat » ou apathique.<br/>- L'e-mail ne parvient pas à établir un ton amical et personnalisé. <br/>- L'e-mail ne contient pas de déclarations empathiques ou ne montre aucune compréhension à l'égard du problème du client.<br/>- Il n'utilise pas / presque pas de « mots magiques », d'affirmations positives.<br/>- L'agent n'a pas répondu aux sentiments du client de manière à ce qu'il se sente valorisé.<br/>- L'agent n'a pas réussi à adapter la réponse en fonction du profil du client (ensoleillé/nuageux/orageux).<br/>- Le CSS ne fait pas d'effort pour mettre le client à l'aise.<br/>- Le CSS montre un ton ironique, un mauvais ton (une conduite ou une opinion qui s'écarte de la ligne de conduite habituelle ou appropriée).
common.communication.professionalism;Professionnalisme
common.communication.professionalism.desc;E-mail :<br/>Soyez poli.<br/>Respectez le choix des mots, la longueur des phrases, la ponctuation et les majuscules.<br/><br/>Téléphone :<br/>Comportement général pendant l'appel. <br/>Points vérifiés : si l'agent a été professionnel, a fait preuve de compétences, de bon jugement et d'un comportement poli.
common.communication.professionalism.passed;E-mail :<br/>- Le ton de l'e-mail est professionnel, respectueux et poli.<br/>- La ponctuation et la formulation générale sont professionnelles.<br/>- Les phrases ne contiennent pas des exclamations, ou ne sont pas trop prolixes. <br/>- Le texte de la réponse est dépourvu de réflexions entre parenthèses après coup.<br/>- Les abréviations et les chiffres inférieurs à 10 sont écrits en toutes lettres. <br/>- Le texte contient des mots à la place des symboles.<br/>- Le texte ne contient pas de majuscules inutiles. <br/>- Il n'y a pas des erreurs d'accord sujet-verbe (par exemple « le temps . . . sont » au lieu de « le temps . . . est »).<br/><br/>Téléphone :<br/>- L'agent se comporte de manière professionnelle tout au long de l'appel.<br/>- Il reste calme sous pression ou lorsque le client le stresse.<br/>- L'agent répond, ne réagit pas
common.communication.professionalism.failed;E-mail :<br/>- Le ton de l'e-mail est abrupt, non professionnel, trop décontracté, irrespectueux ou impoli.<br/>- La ponctuation et la formulation générale ne sont pas professionnelles.<br/>- Les phrases contiennent des exclamations, ou sont trop prolixes. <br/>- La réponse contient des réflexions entre parenthèses.<br/>- Les abréviations et les chiffres inférieurs à 10 ne sont pas écrits en toutes lettres. <br/>- Le texte ne contient pas de mots à la place des symboles.<br/>- Le texte contient des majuscules inutiles. <br/>- Il manque des virgules et des points dans les phrases, ce qui rend le texte/la phrase difficile à comprendre.<br/>- Il y a des erreurs d'accord sujet-verbe (par exemple « le temps . . . sont » au lieu de « le temps . . . est »).<br/><br/>Téléphone :<br/>- L'agent a un comportement impoli ou non professionnel.<br/>- L'agent est irrespectueux, sarcastique et ironique.<br/>- L'agent fait preuve d'un mépris flagrant pour la demande du client.<br/>- Il ne se retient pas et réagit (au lieu de répondre). <br/>- La voix devient plus forte.<br/>- Il se met sur la défensive ou riposte.
common.communication.structure;Structure / Contrôle des appels
common.communication.structure.desc;E-mail :<br/>Présentation étudiée de l'e-mail<br/>- Donnez la bonne quantité d'informations de la bonne manière afin que le lecteur puisse lire le message facilement et ait envie de le lire.<br/><br/>Une structure qui aide le lecteur à « scanner » le texte<br/>- Veillez à ce que le message soit clair, bref et concis.<br/>- Faites des phrases courtes et directes. <br/>- Le corps du courriel doit être direct et informatif et contenir toutes les informations pertinentes.<br/>- Tirez parti du pouvoir des paragraphes d'une seule phrase.<br/><br/>Téléphone :<br/>Ayez le contrôle total de l'appel. <br/>Fermez le dossier dans le délai imparti / Assurez-vous que tous les détails nécessaires sont inclus.<br/>Contrôlez l'appel en évitant de confondre le client, tout en montrant votre volonté de l'aider.<br/>Prenez le contrôle de l'appel en faisant preuve de confiance et en proposant des solutions avec un résultat positif.
common.communication.structure.passed;E-mail :<br/>- Le texte présente une structure claire et conviviale pour le lecteur.<br/>- Le message est clair, bref et concis.<br/>- Les informations sont transmises de manière claire, précise et compréhensible.<br/>- le texte contient des parties faciles à lire : paragraphes courts, titres de section et listes.<br/>- Le texte contient des hyperliens pour éviter le désordre dans les phrases.<br/>- Chaque paragraphe transmet un message et relie très bien les idées.<br/><br/>Téléphone :<br/>- Le CSS a fait preuve de contrôler l'appel en faisant des déclarations proactives et en proposant des solutions spécifiques au problème du client. <br/>- Il a fait preuve d'une certaine confiance en donnant des solutions.<br/>- Il prend le contrôle de la conversation<br/>- Il limite les temps morts au minimum (2 à 3 temps morts sont acceptables)<br/>- Il garder une position correcte/compacte (c'est-à-dire selon les termes de Salt QooM)<br/>- Il garder une position positive - Utiliser des formulations et des affirmations positives
common.communication.structure.failed;E-mail : <br/>- Le texte présente une structure confuse ou désordonnée. <br/>- Les informations sont transmises de manière confuse, vague ou difficile à comprendre.<br/>- Texte avec de longs paragraphes, sans puces.<br/>- Phrases hachées ou trop longues pour être claires.<br/>- Sans hyperliens (ce qui rend les phrases plus complexes).<br/>- Les paragraphes ne connectent pas les idées de manière fluide.<br/>- Les paragraphes comptent plus de trois ou quatre phrases.<br/><br/>Téléphone :<br/>- Le CSS a fait preuve d'un manque total d'assurance en créant le vide et en s'exprimant de manière peu engageante (hum, oh, hum, hein).<br/>- Impossible de remettre le client sur la bonne voie. <br/>- Il a montré peu de confiance<br/>- Il a permis au client de prendre le contrôle de l'appel.<br/>- Beaucoup de temps morts ou de très longs temps morts tout au long de l'appel.<br/>- Le CSS utilise des formulations négatives.<br/>- Le CSS utilise des « justifications généralisées » concernant un problème/un bug.<br/>  (par exemple : formulation en cas de problèmes dus à des « bugs »/« mises à jour du système » : « nous construisons pour vous »).<br/>- Des déclarations comme : « à cause  du système... », « à cause de la procédure... », « à cause de la décision de l'entreprise... » « à cause d'un problème général... »<br/>- Ton peu sûr : « pourrait être... », « aurait dû... », « probablement... » lorsque le client cherche une solution et une réponse claire
inbound.communication.speech;Débit de parole
inbound.communication.speech.desc;Parlez lentement, distinctement, de manière compréhensible. Sans mots d'origine étrangère (anglicisme), ni termes techniques (jargon). N'interrompez pas le client. S'adapter au rythme d'élocution des clients
inbound.communication.speech.passed;Quand :<br/>- L'agent a été très encourageant. <br/>- Parlez lentement et clairement.  <br/>- Utilisez le nom des clients (pour établir une relation).<br/>- L'agent n'a pas interrompu le client.
inbound.communication.speech.failed;Quand :<br/>- L'agent n'était pas du tout encourageant. <br/>- Il parlait trop vite ou n'était pas clair, le client devait demander à l'agent de répéter. <br/>- Il n'a pas du tout utilisé le nom du client. <br/>- Il interrompt le client.<br/>- L'agent semble s'ennuyer, être agressif ou indifférent.
inbound.communication.blanks;En attente et en pause
inbound.communication.blanks.desc;Le client n'est pas mis en attente trop longtemps, trop souvent ou lorsque cela n'est pas nécessaire.<br/>Lorsqu'il met le client en attente, le CSS lui demande toujours son autorisation et lui en explique la raison.<br/>Le CSS informe le client des actions entreprises et ne laisse pas le client sans aucune information.
inbound.communication.blanks.passed;Quand :<br/>- Le CSS ne doit pas mettre le client en attente inutilement, trop souvent ou trop longtemps<br/>- Demandez toujours sa permission et expliquez-lui la raison<br/>- Informez le client toutes les fois que vous ne lui parlez pas lorsque vous n'utilisez pas la mise en attente (par exemple, « Je prends quelques secondes pour insérer des notes sur le cas », etc.)
inbound.communication.blanks.failed;Quand :<br/>- Le CSS met le client en attente inutilement, trop souvent ou trop longtemps<br/>- Il ne demandez pas la permission ou n'expliquez pas au client pourquoi il le met en attente<br/>- Il n'informe pas le client des mesures prises et le laisser sans aucune information (silence/pause)
common.sales;CROSS SELLING / UPSELL SELLING
inbound.sales.opportunity;Opportunité d'une offre
inbound.sales.opportunity.desc;Possibilité de suggérer des promotions disponibles :<br/>- Option (exemple : Mobile Security App)<br/>- Renouvellement<br/>- Achat d'un abonnement supplémentaire<br/>- Salt Home (si éligible pour la fibre et si les CSRs sont autorisés à vendre Home)
inbound.sales.opportunity.passed;Quand :<br/>- L'agent suggère l'option « Mobile Security App »<br/>- L'agent profite de l'occasion pour suggérer un contrat
inbound.sales.opportunity.failed;Quand :<br/>- L'agent n'a suggéré aucune option<br/>- Il y avait une claire opportunité d'offre de contrat, mais l'agent n'a fait aucune proposition/mention<br/>- Non applicable en cas de circonstances/situations EXCEPTIONNELLES, par exemple si le client appelle pour une résiliation, ouverture d'un dossier Ombudscom ou similaire
inbound.sales.argumentation;Approche argumentative
inbound.sales.argumentation.desc;Posez des questions pour orienter vers un besoin du produit et un avantage potentiel pour le client<br/>Posez des questions subjectives et dynamiques/réactives en fonction du déroulement de la conversation.<br/><br/>En cas d'objection, essayez de vous renseigner sur les raisons, puis traitez-les et répondez en conséquence / contre-argumentation.
inbound.sales.argumentation.passed;Quand :<br/>- L'agent pose des questions pour identifier les besoins/intérêts du client.<br/>- Questions ouvertes (pourquoi/comment ?) / questions fermées pour obtenir des conclusions.<br/>- En cas d'objection, l'agent demande les raisons au client pour répondre en conséquence.<br/>- L'agent a fait un effort pour maintenir l'intérêt / aborder l'objection.
inbound.sales.argumentation.failed;Quand :<br/>- La discussion manquait de questions ou de points qui auraient permis d'examiner plus en profondeur les besoins des clients.<br/>- L'agent n'a pas tenté de répondre à l'objection du client, pas du tout.<br/>- L'agent n'a pas fait l'effort de présenter un contre-argument<br/>- L'agent a confirmé des aspects erronés du produit ou de l'option 
inbound.sales.validation;Validation finale de l'offre (ventes)
inbound.sales.validation.desc;Créer un contrat CORRECT ou une activation d'option selon les directives<br/>- conformément à l'abonnement/à l'offre/aux rabais acceptés par le client. Ajouter le bon code promo<br/>- en suivant le bon ID-Checker
inbound.sales.validation.passed;Quand :<br/>- L'agent a demandé le «ok» final pour valider le contrat.<br/>- L'agent valide correctement la promotion/le code offert (par exemple : l'application, le contrat, etc.).<br/>- L'agent crée le contrat correct, conformément à tous les prix/offres/rabais acceptés par le client.<br/>- L'agent a demandé une confirmation pour créer un contrat, ce qui a été reconnu et reconfirmé par le client.<br/>- Tous les rabais convenus sont inclus, conformément aux autorisations et aux procédures de Salt.<br/>- Toutes les pratiques de vente standard sont respectées<br/>- Toutes les informations d'identification requises ont été demandées au client, point par point (par exemple : le nom complet, la date de naissance, l'adresse, le type et le numéro de pièce d'identité conformément à celles acceptées par Salt, e-mail, détails de l'utilisateur, etc.)<br/>- Pas de fautes d'orthographe, ni d'autres coquilles, qui risqueraient d'entraîner une confusion ou une authentification des données fournies.
inbound.sales.validation.failed;Quand :<br/>- Le nouveau contrat ne correspond pas à l'accord avec/du client.<br/>- Tous les codes de réduction convenus ne sont pas fournis.<br/>- L'agent a émis des avantages au client en dehors des directives de Salt<br/>- L'agent a émis un crédit pour un gain, en dehors des directives de Salt.<br/>- L'agent a violé les pratiques de vente standard.<br/>- L'agent ne fait pas un résumé final de l'ordre.<br/>- Il ne demande pas le « ok » final pour valider le contrat.<br/>- Lorsque l'agent ne suit pas correctement, le script « ID_checker_speech » donné par Salt.
common.closing;FERMETURE
common.closing.closing;Salutations
common.closing.closing.desc;E-mail<br/>Récapitulation et temps. Remercie le client pour sa fidélité, sa patience, le temps qu'il a pris pour nous contacter<br/>Déclarations finales.<br/>Relisez et révisez avant d'envoyer.<br/><br/>Téléphone :<br/>Récapitulation et temps.<br/>Le CSS demande si le client a d'autres questions ou des questions supplémentaires<br/>Il remercie le client pour sa fidélité, sa patience, le temps qu'il a pris pour nous contacter<br/>Déclaration de clôture (saisonnière)<br/><br/>*En cas de clôture de contrat :<br/>Assurez-vous que le CSS informe le client de ce qui va se passer après la commande.
common.closing.closing.passed;E-mail :<br/>- L'agent a terminé par un récapitulatif de ce qu'il ferait ou a fait (si nécessaire / si cas complexe).  (par exemple : « Je vous enverrai la carte SIM par courrier. Vous devriez la recevoir dans XYZ jours ouvrables »).<br/>- L'agent a donné son soutien pour toute aide supplémentaire via la hotline ou autre.<br/>- L'agent a fermé l'e-mail avec une déclaration de clôture professionnelle (par exemple, « Meilleurs salutations », etc.)<br/>- L'agent a utilisé la bonne signature.<br/>- L'agent a relu l'ensemble de l'e-mail avant de l'envoyer pour faire une auto-révision et vérifier les petites fautes d'orthographe.<br/><br/>Téléphone :<br/>- Le CSS fait un résumé de conclusif <br/>- Le CSS a fait le résumé nécessaire en cas de conclusion de contrat (contrat_closing).<br/>- Le CSS résume rapidement (en résumant les points précédents, en cas de nombreux sujets abordés, ou en mentionnant le RDV/callback prédéfini).<br/>- Le CSS demande au client s'il a des questions supplémentaires ou d'autres questions<br/>- Le CSS fait un commentaire positif sur le choix du client (si une commande a été conclue).<br/>- Le CSS remercie le client pour sa fidélité, sa patience, le temps qu'il a pris pour nous contacter. Évitez le « merci pour votre appel »<br/>- une salutation et une fin d'appel en douceur.
common.closing.closing.failed;E-mail : <br/>- L'agent n'a pas fait un récapitulatif des prochaines actions à suivre (si nécessaire / si problème complexe). <br/>- L'agent n'a pas donné son soutien pour toute aide supplémentaire via la hotline ou autre.<br/>- L'agent n'a pas utilisé une formule de politesse professionnelle pour conclure l'e-mail (par exemple, « Meilleurs salutations », etc.)<br/>- L'agent a utilisé la mauvaise signature.<br/>- L'agent n'a pas relu avant l'envoi et n'a donc pas corrigé les petites fautes d'orthographe, de ponctuation ou autres petites coquilles.<br/><br/>Téléphone :<br/>- Le résumé de conclusif n'a pas été suivi<br/>- En cas de conclusion d'un contrat (contract_closing) : lorsque le CSS a omis d'informer le client de ce qui va se passer après la commande.<br/>- La fin de l'appel était abrupte (du côté du CSS)<br/>- Le CSS n'a pas remercié le client pour sa fidélité, sa patience ou le temps qu'il a pris pour nous contacter<br/>- Le CSS n'a pas demandé s'il y avait d'« autres questions »
case.closing.processingtime;Temps de traitement
case.closing.processingtime.desc;Le temps de traitement pour résoudre et clôturer le ticket est dans les limites de temps
case.closing.processingtime.passed;L'AHT dépensée sur le ticket est conforme
case.closing.processingtime.desc;AHT spent on the ticket is not compliant (too short / too long)
case.closing.processingtime.passed;AHT spent on the ticket is compliant
case.closing.processingtime.failed;AHT spent on the ticket is not compliant (too short / too long)
;
;
;
;
;
;
;
;
;
;
;
;
;
