code;email;name
100291;Emir.Mustafa@salt.ch;Post.CH.AG
102285;Ludovic.Girardin@salt.ch;PostShop.Lausanne.2.StFrançois
105366;Ludovic.Girardin@salt.ch;PostShop.Lausanne.1.Dépôt
105367;Ludovic.Girardin@salt.ch;PostShop.Genève.11.Rue.du.Stand
105443;Ludovic.Girardin@salt.ch;PostShop.Genève.1.MontBlanc
105444;Ludovic.Girardin@salt.ch;PostShop.Genève.13.Les.Charmilles
105368;Ludovic.Girardin@salt.ch;PostShop.Bulle
109696;Emir.Mustafa@salt.ch;PostShop.Bern.22.Breitenrain
105370;Emir.Mustafa@salt.ch;PostShop.Bern.18.Bümpliz
105371;Emir.Mustafa@salt.ch;PostShop.Lyss
105372;Emir.Mustafa@salt.ch;PostShop.Basel.2.Annahme
105445;Emir.Mustafa@salt.ch;PostShop.Basel.1.Rüdengasse
109697;Emir.Mustafa@salt.ch;PostShop.Binningen
108104;Emir.Mustafa@salt.ch;PostShop.Pratteln
105373;Emir.Mustafa@salt.ch;PostShop.Reinach.BL
105375;Besnik.Jakupi@salt.ch;PostShop.Brugg.AG
105376;Besnik.Jakupi@salt.ch;PostShop.Baden
105446;Besnik.Jakupi@salt.ch;PostShop.Luzern
102684;Besnik.Jakupi@salt.ch;Post.CH.AG.Luzern.2.Universität
108105;Gianni.Cartolano@salt.ch;Posta.CH.SA.Bellinzona.1
105448;Gianni.Cartolano@salt.ch;PostShop.Locarno
105449;Gianni.Cartolano@salt.ch;PostShop.Zürich.1.Sihlpost
105378;Gianni.Cartolano@salt.ch;PostShop.Zürich.36.Wiedikon
105379;Gianni.Cartolano@salt.ch;PostShop.Winterthur
101268;Gianni.Cartolano@salt.ch;PostShop.Dübendorf
105450;Besnik.Jakupi@salt.ch;PostShop.Aarau
108106;Ludovic.Girardin@salt.ch;PostShop.Aigle
105380;Emir.Mustafa@salt.ch;PostShop.Burgdorf
105381;Emir.Mustafa@salt.ch;PostShop.Biel.3.Neumarkt
105382;Emir.Mustafa@salt.ch;PostShop.Delémont
105383;Lucas.Amigo@salt.ch;PostShop.Frauenfeld
105384;Ludovic.Girardin@salt.ch;PostShop.Fribourg
108107;Ludovic.Girardin@salt.ch;PostShop.Genève.3.Rive
105385;Emir.Mustafa@salt.ch;PostShop.Grenchen
108108;Emir.Mustafa@salt.ch;PostShop.Langenthal
105451;Gianni.Cartolano@salt.ch;PostShop.Lugano
108109;Emir.Mustafa@salt.ch;PostShop.Murten
105386;Ludovic.Girardin@salt.ch;PostShop.Neuchâtel.1.Dépôt
105387;Besnik.Jakupi@salt.ch;PostShop.Olten.1.Annahme
105388;Lucas.Amigo@salt.ch;PostShop.Rapperswil.SG
105389;Lucas.Amigo@salt.ch;PostShop.Schaffhausen
105452;Lucas.Amigo@salt.ch;PostShop.St..Gallen.1.Annahme
105390;Emir.Mustafa@salt.ch;PostShop.Thun
105391;Gianni.Cartolano@salt.ch;PostShop.Uster
105392;Lucas.Amigo@salt.ch;PostShop.Wädenswil
105393;Lucas.Amigo@salt.ch;PostShop.Will.SG
105394;Ludovic.Girardin@salt.ch;PostShop.YverdonlesBains
108110;Gianni.Cartolano@salt.ch;PostShop.Rüti.ZH
105396;Lucas.Amigo@salt.ch;PostShop.Buchs.SG
108111;Lucas.Amigo@salt.ch;PostShop.Gossau.SG
108112;Lucas.Amigo@salt.ch;PostShop.St..Gallen.4.Brühltor
108113;Emir.Mustafa@salt.ch;PostShop.Laufen
105397;Emir.Mustafa@salt.ch;PostShop.Liestal
108114;Emir.Mustafa@salt.ch;PostShop.Spiez
108115;Ludovic.Girardin@salt.ch;PostShop.Montreux
105398;Gianni.Cartolano@salt.ch;PostShop.Chiasso
108116;Gianni.Cartolano@salt.ch;PostShop.Mendrisio.Stazione
108117;Emir.Mustafa@salt.ch;PostShop.Zermatt
108118;Ludovic.Girardin@salt.ch;PostShop.Fleurier
105399;Ludovic.Girardin@salt.ch;PostShop.La.ChauxdeFonds.1.Dépôt
105400;Emir.Mustafa@salt.ch;PostShop.Brig
108119;Ludovic.Girardin@salt.ch;PostShop.Neuchâtel.2.Gare
108120;Emir.Mustafa@salt.ch;PostShop.Visp
108121;Ludovic.Girardin@salt.ch;PostShop.Le.Locle
108122;Ludovic.Girardin@salt.ch;PostShop.La.ChauxdeFonds.2.Marché
105401;Emir.Mustafa@salt.ch;PostShop.Interlaken
105453;Emir.Mustafa@salt.ch;PostShop.Biel.1.Annahme
108123;Ludovic.Girardin@salt.ch;PostShop.Payerne
108124;Emir.Mustafa@salt.ch;PostShop.Zollikofen
105454;Ludovic.Girardin@salt.ch;PostShop.Genève.28.Balexert
108125;Ludovic.Girardin@salt.ch;PostShop.Pully
105402;Ludovic.Girardin@salt.ch;PostShop.Renens.VD
108127;Ludovic.Girardin@salt.ch;PostShop.Meyrin
108128;Ludovic.Girardin@salt.ch;PostShop.ChêneBourg
105403;Ludovic.Girardin@salt.ch;PostShop.Vevey
108129;Ludovic.Girardin@salt.ch;Poste.CH.SA.La.TourdePeilz
105404;Ludovic.Girardin@salt.ch;PostShop.Martigny
105405;Ludovic.Girardin@salt.ch;PostShop.Sion
105406;Ludovic.Girardin@salt.ch;PostShop.Sierre
105407;Besnik.Jakupi@salt.ch;PostShop.Zofingen
108131;Besnik.Jakupi@salt.ch;PostShop.Lenzburg
108132;Besnik.Jakupi@salt.ch;PostShop.Wohlen.AG
108133;Besnik.Jakupi@salt.ch;PostShop.Sarnen
108134;Besnik.Jakupi@salt.ch;PostShop.Stans
108135;Besnik.Jakupi@salt.ch;PostShop.Schwyz
108136;Lucas.Amigo@salt.ch;PostShop.Adliswil
108137;Besnik.Jakupi@salt.ch;PostShop.Altdorf
108138;Lucas.Amigo@salt.ch;PostShop.Amriswil
108139;Lucas.Amigo@salt.ch;PostShop.Arbon
105409;Lucas.Amigo@salt.ch;PostShop.Davos
108140;Lucas.Amigo@salt.ch;PostShop.Effretikon
108141;Lucas.Amigo@salt.ch;PostShop.Glarus
105410;Lucas.Amigo@salt.ch;PostShop.Kreuzlingen
108142;Lucas.Amigo@salt.ch;PostShop.Pfäffikon.SZ
108143;Lucas.Amigo@salt.ch;PostShop.Romanshorn
105411;Besnik.Jakupi@salt.ch;PostShop.Schlieren
108144;Besnik.Jakupi@salt.ch;PostShop.Spreitenbach
108145;Lucas.Amigo@salt.ch;PostShop.Weinfelden
108146;Ludovic.Girardin@salt.ch;PostShop.MarinCentre
108147;Ludovic.Girardin@salt.ch;PostShop.AvryCentre
101348;Besnik.Jakupi@salt.ch;PostShop.Emmenbrücke
108148;Emir.Mustafa@salt.ch;PostShop.Herzogenbuchsee
108149;Ludovic.Girardin@salt.ch;PostShop.Lausanne.16.Malley
101144;Ludovic.Girardin@salt.ch;PostShop.Crissier
102191;Besnik.Jakupi@salt.ch;PostShop.Kriens
102143;Gianni.Cartolano@salt.ch;PostShop.Kloten
108150;Lucas.Amigo@salt.ch;PostShop.Uznach
100445;Emir.Mustafa@salt.ch;PostShop.Basel.5.St..Clara
108151;Besnik.Jakupi@salt.ch;PostShop.Sursee
108152;Besnik.Jakupi@salt.ch;PostShop.Balsthal
105149;Gianni.Cartolano@salt.ch;PostShop.Zürich.32.Neumünster
105151;Gianni.Cartolano@salt.ch;PostShop.Zürich.40.Sihlfeld
100750;Emir.Mustafa@salt.ch;PostShop.Birsfelden
100866;Gianni.Cartolano@salt.ch;Post.CH.AG.Bülach
102430;Ludovic.Girardin@salt.ch;PostShop.Lausanne.La.Riponne
105412;Ludovic.Girardin@salt.ch;PostShop.Genève.Plainpalais
102288;Ludovic.Girardin@salt.ch;JMR.Télécommunication
102844;Ludovic.Girardin@salt.ch;Missiliez.SA
101989;Lucas.Amigo@salt.ch;R..Schmuki.AG
104370;Lucas.Amigo@salt.ch;Perfekta.Wil.GmbH
100167;Emir.Mustafa@salt.ch;Bianchetti.DirektHandel
102718;Gianni.Cartolano@salt.ch;Mobilezone.SA.Manno.Via.Cantonale
104411;Lucas.Amigo@salt.ch;AMS.All.Mobile.Service.AG
103699;Ludovic.Girardin@salt.ch;Forclaz.SA
102486;Besnik.Jakupi@salt.ch;Viva.TV.Sport.GmbH.Lenzburg
104481;Besnik.Jakupi@salt.ch;Viva.TV.Sport.GmbH.Wohlen
102289;Ludovic.Girardin@salt.ch;Digital.Planet
100648;Gianni.Cartolano@salt.ch;Mobilezone.SA.Biasca
100467;Gianni.Cartolano@salt.ch;Mobilezone.SA.Bellinzona.Viale.Stazione
103379;Besnik.Jakupi@salt.ch;Soundgarden.Gartmann.GmbH
101445;Lucas.Amigo@salt.ch;Perfekta.Wil.GmbH
101491;Emir.Mustafa@salt.ch;Ruchti.TV.GmbH
101203;Lucas.Amigo@salt.ch;Auratel.AG
100128;Lucas.Amigo@salt.ch;Saxer.Telekom.AG
102497;Ludovic.Girardin@salt.ch;CORPORATELFernando.DIAS
102222;Emir.Mustafa@salt.ch;berberatmobiles.Sàrl
101529;Ludovic.Girardin@salt.ch;Mobilezone.SA.Genève.Les.Cygnes.EKZ
101841;Lucas.Amigo@salt.ch;Mobilezone.AG.Glarus
102845;Ludovic.Girardin@salt.ch;Mobile.Center,.Amorim.Brito
104482;Besnik.Jakupi@salt.ch;Ponana.GmbH.Wohlen
103218;Ludovic.Girardin@salt.ch;3JCOM.SA
101533;Ludovic.Girardin@salt.ch;3JCOM.SA
102018;Lucas.Amigo@salt.ch;Handy.Home.Shop.GmbH
100030;Besnik.Jakupi@salt.ch;Letec.Aarau.Data.Quest.AG
103858;Lucas.Amigo@salt.ch;Letec.St..Gallen.Data.Quest.AG
104412;Lucas.Amigo@salt.ch;Letec.Winterthur.Data.Quest.AG
104723;Lucas.Amigo@salt.ch;Data.Quest.AG
107718;Lucas.Amigo@salt.ch;Data.Quest.AG
107719;Lucas.Amigo@salt.ch;Data.Quest.AG
107720;Besnik.Jakupi@salt.ch;Data.Quest.AG
107721;Besnik.Jakupi@salt.ch;Data.Quest.AG
107722;Emir.Mustafa@salt.ch;Data.Quest.AG
103012;Emir.Mustafa@salt.ch;Heiniger.Unternehmensberatung.AG
108155;Lucas.Amigo@salt.ch;Heiniger.Unternehmensberatung.AG
103595;Lucas.Amigo@salt.ch;Data.Quest.AG
107723;Emir.Mustafa@salt.ch;Data.Quest.AG
107724;Lucas.Amigo@salt.ch;Data.Quest.AG
100302;Emir.Mustafa@salt.ch;Ingenodata.AG
102526;Ludovic.Girardin@salt.ch;PS.Consulting.Sàrl
103283;Ludovic.Girardin@salt.ch;Technoware.Sàrl
103361;Besnik.Jakupi@salt.ch;Mobilezone.AG.Zentrale
100513;Emir.Mustafa@salt.ch;Mobilezone.AG.Bern.Waaghaus
103346;Lucas.Amigo@salt.ch;Mobilezone.AG.Rapperswil.EKZ
101538;Ludovic.Girardin@salt.ch;Mobilezone.SA.Genève.Carouge
101177;Emir.Mustafa@salt.ch;Mobilezone.SA.Delémont
103709;Ludovic.Girardin@salt.ch;Mobilezone.SA.Signy.Centre.EKZ
103147;Besnik.Jakupi@salt.ch;Mobilezone.AG.Oftringen.Perry.EKZ
103364;Lucas.Amigo@salt.ch;Mobilezone.AG.Regensdorf.Zentrum.EKZ
102644;Besnik.Jakupi@salt.ch;Mobilezone.AG.Luzern.Kapellgasse
103700;Ludovic.Girardin@salt.ch;Mobilezone.SA.Sierre.Noes.EKZ
104314;Lucas.Amigo@salt.ch;Mobilezone.AG.Weinfelden.EKZ
102799;Ludovic.Girardin@salt.ch;Mobilezone.SA.Meyrin.EKZ
102224;Ludovic.Girardin@salt.ch;Mobilezone.SA.La.ChauxdeFonds.Eplatures.EKZ
100162;Lucas.Amigo@salt.ch;Mobilezone.AG.Arbon.EKZ
101314;Emir.Mustafa@salt.ch;Mobilezone.AG.Egerkingen.Gäupark.EKZ
100250;Gianni.Cartolano@salt.ch;Mobilezone.SA.Balerna.EKZ
101884;Gianni.Cartolano@salt.ch;Mobilezone.SA.Grancia.EKZ
100855;Lucas.Amigo@salt.ch;Mobilezone.AG.Buchs.EKZ
101036;Lucas.Amigo@salt.ch;Mobilezone.AG.Chur.EKZ
104006;Emir.Mustafa@salt.ch;Mobilezone.AG.Thun.Bälliz
103781;Besnik.Jakupi@salt.ch;Mobilezone.AG.Spreitenbach.Tivoli.EKZ
100796;Emir.Mustafa@salt.ch;Mobilezone.AG.Brig
102265;Emir.Mustafa@salt.ch;Mobilezone.AG.Langenthal
102004;Gianni.Cartolano@salt.ch;Mobilezone.AG.Hinwil.EKZ.Coop.Megastore
102743;Ludovic.Girardin@salt.ch;Mobilezone.SA.Martigny.EKZ
102164;Lucas.Amigo@salt.ch;Mobilezone.AG.Kreuzlingen
103748;Emir.Mustafa@salt.ch;Mobilezone.AG.Solothurn
103848;Lucas.Amigo@salt.ch;Mobilezone.AG.St..Margrethen.EKZ
101129;Ludovic.Girardin@salt.ch;Mobilezone.SA.Crissier.EKZ
100032;Besnik.Jakupi@salt.ch;Mobilezone.AG.Aarau
103490;Lucas.Amigo@salt.ch;Mobilezone.AG.Rorschach
104363;Lucas.Amigo@salt.ch;Mobilezone.AG.Wil
103648;Emir.Mustafa@salt.ch;Mobilezone.AG.Schönbühl.Shoppyland.EKZ
102557;Gianni.Cartolano@salt.ch;Mobilezone.SA.Locarno
100661;Emir.Mustafa@salt.ch;Mobilezone.AG.Biel.Centre.Boujean.EKZ
100240;Besnik.Jakupi@salt.ch;Mobilezone.AG.Baden
104226;Gianni.Cartolano@salt.ch;Mobilezone.AG.Volketswil.EKZ
100306;Emir.Mustafa@salt.ch;Mobilezone.AG.Basel.St..Jakob.EKZ
101804;Ludovic.Girardin@salt.ch;Mobilezone.SA.Genève.Planète.Charmilles.EKZ
104602;Besnik.Jakupi@salt.ch;Mobilezone.AG.Zug.Metalli.EKZ
102783;Lucas.Amigo@salt.ch;Mobilezone.AG.Mels.EKZ
102689;Emir.Mustafa@salt.ch;Mobilezone.AG.Lyss
101295;Ludovic.Girardin@salt.ch;Mobilezone.SA.Ecublens.EKZ
104519;Ludovic.Girardin@salt.ch;Mobilezone.SA.Yverdon
101067;Ludovic.Girardin@salt.ch;Mobilezone.SA.Collombey.EKZ
102645;Besnik.Jakupi@salt.ch;Mobilezone.AG.Luzern.Pilatusstrasse
101858;Gianni.Cartolano@salt.ch;Mobilezone.AG.Glattzentrum
100307;Emir.Mustafa@salt.ch;Mobilezone.AG.Basel.Rail.City.EKZ
100083;Ludovic.Girardin@salt.ch;Mobilezone.SA.Aigle.Chablais.Centre.EKZ
104732;Gianni.Cartolano@salt.ch;Mobilezone.AG.Zürich.Neumarkt.EKZ
101540;Ludovic.Girardin@salt.ch;Mobilezone.SA.MontBlanc
103931;Besnik.Jakupi@salt.ch;Mobilezone.AG.Sursee.Surseepark.EKZ
103880;Besnik.Jakupi@salt.ch;Mobilezone.AG.Stans.Länderpark.EKZ
103567;Besnik.Jakupi@salt.ch;Mobilezone.AG.Sarnen.EKZ
103803;Lucas.Amigo@salt.ch;Mobilezone.AG.St..Gallen.Neumarkt.EKZ
103896;Besnik.Jakupi@salt.ch;Mobilezone.SA.Steinhausen.Zugerland.EKZ
108166;Lucas.Amigo@salt.ch;Mobilezone.AG.OLMA
100868;Gianni.Cartolano@salt.ch;Mobilezone.AG.Bülach.Migros.Center.EKZ
101446;Lucas.Amigo@salt.ch;Mobilezone.AG.Frauenfeld.EKZ
103231;Lucas.Amigo@salt.ch;Mobilezone.AG.Pfäffikon.Seedamm.Center.EKZ
103804;Lucas.Amigo@salt.ch;Mobilezone.AG.St..Gallen.Multergasse
104734;Gianni.Cartolano@salt.ch;Mobilezone.AG.Zürich.Letzipark.EKZ
103598;Lucas.Amigo@salt.ch;Mobilezone.AG.Schaffhausen.Center.Herblingen.EKZ
100892;Emir.Mustafa@salt.ch;Mobilezone.AG.Burgdorf.Neumarkt.EKZ
100922;Ludovic.Girardin@salt.ch;Mobilezone.SA.Genève.La.Praille.EKZ
100808;Besnik.Jakupi@salt.ch;Mobilezone.AG.Brugg
102180;Besnik.Jakupi@salt.ch;Mobilezone.AG.Kriens.PilatusMarkt.EKZ
102044;Besnik.Jakupi@salt.ch;Mobilezone.AG.Ibach.Mythen.Center.EKZ
101541;Ludovic.Girardin@salt.ch;Mobilezone.SA.Genève.Balexert.EKZ
104178;Ludovic.Girardin@salt.ch;Mobilezone.SA.Vevey.St..Antoine.EKZ
100844;Besnik.Jakupi@salt.ch;Mobilezone.AG.Buchs.Wynecenter.EKZ
103148;Besnik.Jakupi@salt.ch;Mobilezone.AG.Oftringen.A1.EKZ
104414;Gianni.Cartolano@salt.ch;Mobilezone.AG.Winterthur.Rosenberg.EKZ
101475;Ludovic.Girardin@salt.ch;Mobilezone.SA.Fribourg.Centre.EKZ
104735;Lucas.Amigo@salt.ch;Mobilezone.AG.Zürich.Sihl.City.EKZ
100309;Emir.Mustafa@salt.ch;Mobilezone.AG.Basel.Freiestrasse
104415;Gianni.Cartolano@salt.ch;Mobilezone.AG.Winterthur.Untertor
102973;Ludovic.Girardin@salt.ch;Mobilezone.SA.Neuchâtel.La.Maladière.EKZ
100786;Besnik.Jakupi@salt.ch;Mobilezone.AG.Bremgarten.EKZ
102060;Emir.Mustafa@salt.ch;Mobilezone.AG.Interlaken.Rugenpark.EKZ
103967;Lucas.Amigo@salt.ch;Mobilezone.AG.Thalwil
103719;Ludovic.Girardin@salt.ch;Mobilezone.SA.Sion
105455;Emir.Mustafa@salt.ch;Mobilezone.AG.Langendorf.EKZ
105456;Gianni.Cartolano@salt.ch;Mobilezone.AG.Effretikon
103299;Emir.Mustafa@salt.ch;Mobilezone.AG.Pratteln.EKZ
108169;Besnik.Jakupi@salt.ch;Mobilezone.AG,.Web.Shop
108170;Gianni.Cartolano@salt.ch;Mobilezone.AG.Züspa
104736;Gianni.Cartolano@salt.ch;Mobilezone.AG.Zürich.Bellevue
104737;Gianni.Cartolano@salt.ch;Mobilezone.AG.Zürich.Löwenstrasse
101343;Besnik.Jakupi@salt.ch;Mobilezone.AG.Emmenbrücke.Emmen.Center.EKZ
102299;Ludovic.Girardin@salt.ch;Mobilezone.SA.Lausanne.Haldimand
102588;Gianni.Cartolano@salt.ch;Mobilezone.SA.Lugano.Palazzo.Ransilo
101869;Lucas.Amigo@salt.ch;Mobilezone.AG.Gossau
101543;Ludovic.Girardin@salt.ch;Mobilezone.SA.Thônex.EKZ
100517;Emir.Mustafa@salt.ch;Mobilezone.AG.Bern.Westside.EKZ
102156;Emir.Mustafa@salt.ch;Mobilezone.AG.Köniz.Bläuacker.EKZ
104090;Gianni.Cartolano@salt.ch;Mobilezone.AG.Uster.EKZ
102488;Besnik.Jakupi@salt.ch;Mobilezone.AG.Lenzburg.EKZ
100311;Emir.Mustafa@salt.ch;Mobilezone.AG.Basel.Stücki.EKZ
100518;Emir.Mustafa@salt.ch;Mobilezone.AG.Bern.Wankdorf.EKZ
104109;Lucas.Amigo@salt.ch;Mobilezone.AG.Uzwil.EKZ
103401;Ludovic.Girardin@salt.ch;Mobilezone.SA.Renens.EKZ
108171;Emir.Mustafa@salt.ch;Mobilezone.AG.Thun.Zentrum.Oberland.EKZ
105422;Emir.Mustafa@salt.ch;Mobilezone.AG.Basel.Greifengasse
107482;Besnik.Jakupi@salt.ch;Mobilezone.AG.Affoltern.am.Albis.CoopPark.EKZ
107945;Emir.Mustafa@salt.ch;Mobilezone.AG.Basel.Barfüsserplatz
107980;Lucas.Amigo@salt.ch;Mobilezone.AG.Schaffhausen.Vorstadt
108011;Besnik.Jakupi@salt.ch;Mobilezone.AG.Wohlen.Arena.EKZ
104416;Lucas.Amigo@salt.ch;Spühler.Electronic.AG
100055;Emir.Mustafa@salt.ch;Elektro.Stucki.AG
102050;Lucas.Amigo@salt.ch;Elektro.Cadruvi.AG
104493;Besnik.Jakupi@salt.ch;B..Duss.AG.Wolhusen
108177;Besnik.Jakupi@salt.ch;UNICOMP.Klekner
100148;Lucas.Amigo@salt.ch;Neff.&.Drexel.AG
100923;Ludovic.Girardin@salt.ch;Autos.&.Mobiles.Sarl
105858;Ludovic.Girardin@salt.ch;Ibernet.Sàrl
105856;Besnik.Jakupi@salt.ch;Handy.Shop.Sprengi.GmbH
104551;Emir.Mustafa@salt.ch;Elektro.F..Imboden.und.Söhne.AG
103735;Lucas.Amigo@salt.ch;Kellenberger.&.Co.
104018;Lucas.Amigo@salt.ch;Weta.Radio.&.Fernseh.AG
104041;Lucas.Amigo@salt.ch;Kellenberger.&.Co.
102307;Ludovic.Girardin@salt.ch;Digital.Planet
107710;Lucas.Amigo@salt.ch;AlptelShop.Herisau
102061;Emir.Mustafa@salt.ch;AMADEUS.Interlaken.GmbH
101811;Lucas.Amigo@salt.ch;Auratel.AG
101820;Emir.Mustafa@salt.ch;Mantocom.SA
102589;Gianni.Cartolano@salt.ch;Ing..Carlo.Bosia.SA
102590;Gianni.Cartolano@salt.ch;Ing..Carlo.Bosia.SA
102591;Gianni.Cartolano@salt.ch;Ing..Carlo.Bosia.SA
102592;Gianni.Cartolano@salt.ch;Ing..Carlo.Bosia.SA
103295;Lucas.Amigo@salt.ch;Plug.&.Play.di.Cazzaniga.Fabrizio
101550;Ludovic.Girardin@salt.ch;Magicom.SA
103559;Emir.Mustafa@salt.ch;MB.TV.Services.Sàrl
105837;Lucas.Amigo@salt.ch;H..Quaderer.AG,.B2C.SPP
106762;Emir.Mustafa@salt.ch;Hallo.Point.GmbH
106764;Emir.Mustafa@salt.ch;Siwacom.AG
107616;Emir.Mustafa@salt.ch;VintiCom.Sagl
108182;Ludovic.Girardin@salt.ch;Poste.CH.SA.Lausanne.12.Chailly
108186;Ludovic.Girardin@salt.ch;Poste.CH.SA.Lausanne.22.Bergières
108189;Ludovic.Girardin@salt.ch;Poste.CH.SA.Lausanne.3.Cour
108193;Ludovic.Girardin@salt.ch;Post.CH.AG.Prilly
108194;Ludovic.Girardin@salt.ch;Poste.CH.SA.Lausanne.10.La.Sallaz
108197;Ludovic.Girardin@salt.ch;Poste.CH.SA.Lausanne.18.Pontaise
108199;Ludovic.Girardin@salt.ch;Poste.CH.SA.ChavannesprèsRenens
108200;Ludovic.Girardin@salt.ch;Poste.CH.SA.Crissier.1
102308;Ludovic.Girardin@salt.ch;Poste.CH.SA.Ecublens.VD
108202;Ludovic.Girardin@salt.ch;Poste.CH.SA.EchandensDenges
108206;Ludovic.Girardin@salt.ch;Poste.CH.SA.Bussigny
108210;Ludovic.Girardin@salt.ch;Poste.CH.SA.Echallens
108213;Ludovic.Girardin@salt.ch;Poste.CH.SA.Le.MontsurLausanne
108218;Ludovic.Girardin@salt.ch;Poste.CH.SA.Epalinges
108222;Ludovic.Girardin@salt.ch;Poste.CH.SA.Lutry
102309;Ludovic.Girardin@salt.ch;Post.CH.AG.Morges.1
108232;Ludovic.Girardin@salt.ch;Poste.CH.SA.StPrex
108233;Ludovic.Girardin@salt.ch;Poste.CH.SA.Etoy
108237;Ludovic.Girardin@salt.ch;Post.CH.AG.Rolle
108241;Ludovic.Girardin@salt.ch;Poste.CH.SA.Gland
108243;Ludovic.Girardin@salt.ch;Poste.CH.SA.Genève.12.Champel
108245;Ludovic.Girardin@salt.ch;Poste.CH.SA.Genève.17.Malagnou
108246;Ludovic.Girardin@salt.ch;Poste.CH.SA.Genève.19.PetitSaconnex
108247;Ludovic.Girardin@salt.ch;Poste.CH.SA.Genève.2.Cornavin.Dépôt
108248;Ludovic.Girardin@salt.ch;Poste.CH.SA.Genève.20.CIC
108249;Ludovic.Girardin@salt.ch;Poste.CH.SA.Genève.21.Les.Pâquis
108250;Ludovic.Girardin@salt.ch;Poste.CH.SA.Genéve.26.La.Praille
108251;Ludovic.Girardin@salt.ch;Poste.CH.SA.Genève.6.Les.EauxVives
108252;Ludovic.Girardin@salt.ch;Poste.CH.SA.Genève.7.Servette
108253;Ludovic.Girardin@salt.ch;Poste.CH.SA.Genève.8.Jonction
108254;Ludovic.Girardin@salt.ch;Poste.CH.SA
108257;Ludovic.Girardin@salt.ch;Poste.CH.SA
108258;Ludovic.Girardin@salt.ch;Poste.CH.SA.GrandLancy.1
108259;Ludovic.Girardin@salt.ch;Poste.CH.SA.Onex
108260;Ludovic.Girardin@salt.ch;Poste.CH.SA.PetitLancy.1
108262;Ludovic.Girardin@salt.ch;Poste.CH.SA.Vernier
108263;Ludovic.Girardin@salt.ch;Poste.CH.SA.Genève.15.Aéroport.Dépôt
104259;Ludovic.Girardin@salt.ch;Poste.CH.SA.Village
101551;Ludovic.Girardin@salt.ch;Poste.CH.SA.Le.GrandSaconnex
108266;Ludovic.Girardin@salt.ch;Poste.CH.SA.Châtelaine
108267;Ludovic.Girardin@salt.ch;Poste.CH.SA.Le.Lignon
108268;Ludovic.Girardin@salt.ch;Poste.Vésenaz
108271;Ludovic.Girardin@salt.ch;Poste.CH.SA.Thônex
108272;Ludovic.Girardin@salt.ch;Post.CH.AG.Carouge.GE
108273;Ludovic.Girardin@salt.ch;Poste.CH.SA.PlanlesOuates
108276;Ludovic.Girardin@salt.ch;Poste.CH.SA.Bernex
108277;Ludovic.Girardin@salt.ch;Poste.CH.SA.Vessy
108280;Ludovic.Girardin@salt.ch;Poste.CH.SA.Puplinge
108281;Ludovic.Girardin@salt.ch;Poste.CH.SA.Satigny
108290;Ludovic.Girardin@salt.ch;Poste.CH.SA.Nyon.1
108291;Ludovic.Girardin@salt.ch;Poste.CH.SA.Nyon.2.ChampColin
108303;Ludovic.Girardin@salt.ch;Poste.CH.SA.Versoix
108308;Ludovic.Girardin@salt.ch;Poste.CH.SA.Coppet
108312;Ludovic.Girardin@salt.ch;Poste.CH.SA.CossonayVille
108318;Ludovic.Girardin@salt.ch;Poste.CH.SA.Vallorbe
108321;Ludovic.Girardin@salt.ch;Poste.CH.SA.Le.Sentier
108323;Ludovic.Girardin@salt.ch;Poste.CH.SA.Orbe
108324;Ludovic.Girardin@salt.ch;Poste.CH.SA.Chavornay
108332;Ludovic.Girardin@salt.ch;Poste.CH.SA.MontagnyChamard
108334;Ludovic.Girardin@salt.ch;Poste.CH.SA.SteCroix
108337;Ludovic.Girardin@salt.ch;Poste.CH.SA.EstavayerleLac
108340;Ludovic.Girardin@salt.ch;Poste.CH.SA.Moudon
108346;Emir.Mustafa@salt.ch;Poste.CH.SA.Domdidier
108349;Ludovic.Girardin@salt.ch;Poste.CH.SA.Avenches
108357;Ludovic.Girardin@salt.ch;Poste.CH.SA.OronlaVille
108360;Ludovic.Girardin@salt.ch;Poste.CH.SA.ChâtelStDenis
108367;Ludovic.Girardin@salt.ch;Poste.CH.SA.Broc
108376;Ludovic.Girardin@salt.ch;Poste.CH.SA.Romont.FR
108383;Emir.Mustafa@salt.ch;Post.CH.AG.Tafers
108387;Ludovic.Girardin@salt.ch;Post.CH.AG.Plaffeien
108390;Ludovic.Girardin@salt.ch;Poste.CH.SA.Marly.1
108394;Ludovic.Girardin@salt.ch;Poste.CH.SA.FarvagnyleGrand
108399;Ludovic.Girardin@salt.ch;Poste.CH.SA.VillarssurGlâne.1
108407;Emir.Mustafa@salt.ch;Poste.CH.SA.Courtepin
108414;Ludovic.Girardin@salt.ch;Poste.CH.SA.Blonay
108415;Ludovic.Girardin@salt.ch;Poste.CH.SA.Clarens
108417;Ludovic.Girardin@salt.ch;Poste.CH.SA.Montreux.2.Centre
108420;Ludovic.Girardin@salt.ch;Poste.CH.SA.Châteaud'Oex
108421;Ludovic.Girardin@salt.ch;Poste.CH.SA.Villeneuve.VD
108424;Ludovic.Girardin@salt.ch;Poste.CH.SA.Leysin
108429;Ludovic.Girardin@salt.ch;Poste.CH.SA.Monthey.1
100869;Ludovic.Girardin@salt.ch;Poste.CH.SA
104091;Ludovic.Girardin@salt.ch;Poste.CH.SA.Bex
108431;Ludovic.Girardin@salt.ch;Poste.CH.SA.VillarssurOllon
108432;Ludovic.Girardin@salt.ch;Poste.CH.SA.StMaurice
108435;Ludovic.Girardin@salt.ch;Poste.CH.SA.Vouvry
108440;Ludovic.Girardin@salt.ch;Poste.CH.SA.Saxon
108448;Ludovic.Girardin@salt.ch;Poste.CH.SA.Fully
108450;Ludovic.Girardin@salt.ch;Poste.CH.SA.Le.Châble.VS
108451;Ludovic.Girardin@salt.ch;Poste.CH.SA
108454;Ludovic.Girardin@salt.ch;Poste.CH.SA
108461;Ludovic.Girardin@salt.ch;Poste.CH.SA.Conthey
108483;Ludovic.Girardin@salt.ch;Poste.CH.SA.Colombier.NE
108490;Ludovic.Girardin@salt.ch;Poste.CH.SA.Peseux
108493;Ludovic.Girardin@salt.ch;Poste.CH.SA.Cernier
108502;Ludovic.Girardin@salt.ch;Poste.CH.SA.Couvet
108515;Emir.Mustafa@salt.ch;Poste.CH.SA.Saignelégier
108519;Emir.Mustafa@salt.ch;Post.CH.AG.BielBienne.6.BözingenBoujean
108520;Emir.Mustafa@salt.ch;Post.CH.AG.BielBienne.7.Madretsch
108521;Emir.Mustafa@salt.ch;Post.CH.AG.BielBienne.8.MettMâche
108533;Emir.Mustafa@salt.ch;Post.CH.AG.Lengnau.BE
108539;Emir.Mustafa@salt.ch;Post.CH.AG.Brügg.BE
108540;Emir.Mustafa@salt.ch;Post.CH.AG.Studen.BE
108542;Emir.Mustafa@salt.ch;Post.CH.AG.Nidau
108551;Emir.Mustafa@salt.ch;Poste.CH.SA.StImier
108552;Emir.Mustafa@salt.ch;Poste.CH.SA.Tavannes
108555;Emir.Mustafa@salt.ch;Poste.CH.SA.Tramelan
108559;Emir.Mustafa@salt.ch;Poste.CH.SA.Moutier
108577;Emir.Mustafa@salt.ch;Poste.CH.SA.Porrentruy.1
108578;Emir.Mustafa@salt.ch;Poste.CH.SA.Porrentruy.2.Chaumont
108588;Emir.Mustafa@salt.ch;Poste.CH.SA.Courgenay
108590;Emir.Mustafa@salt.ch;Post.CH.AG.Bern.14.Mattenhof
108591;Emir.Mustafa@salt.ch;Post.CH.AG.Bern.15.Weltpostverein
108596;Emir.Mustafa@salt.ch;Post.CH.AG.Bern.6.Kirchenfeld
108598;Emir.Mustafa@salt.ch;Post.CH.AG.Bern.9.Länggasse
108601;Emir.Mustafa@salt.ch;Post.CH.AG.Bern.27.Bethlehem
108607;Emir.Mustafa@salt.ch;Post.CH.AG.Münchenbuchsee
108609;Emir.Mustafa@salt.ch;Post.CH.AG.Ittigen
108610;Emir.Mustafa@salt.ch;Post.CH.AG.Bolligen.Dorf
108613;Emir.Mustafa@salt.ch;Post.CH.AG.Ostermundigen.1
108614;Emir.Mustafa@salt.ch;Post.CH.AG.Gümligen
108615;Emir.Mustafa@salt.ch;Post.CH.AG.Muri.b..Bern
108617;Emir.Mustafa@salt.ch;Post.CH.AG.Worb
108618;Emir.Mustafa@salt.ch;Post.CH.AG.Wabern
108621;Emir.Mustafa@salt.ch;Post.CH.AG.Liebefeld
108622;Emir.Mustafa@salt.ch;Post.CH.AG.Köniz
108624;Emir.Mustafa@salt.ch;Post.CH.AG.Münsingen
108630;Emir.Mustafa@salt.ch;Post.CH.AG.Belp
108634;Emir.Mustafa@salt.ch;Post.CH.AG.Riggisberg
108636;Emir.Mustafa@salt.ch;Post.CH.AG.Schwarzenburg
108640;Emir.Mustafa@salt.ch;Post.CH.AG.Flamatt
108642;Emir.Mustafa@salt.ch;Post.CH.AG.Laupen.BE
108647;Emir.Mustafa@salt.ch;Post.CH.AG.Düdingen
108650;Emir.Mustafa@salt.ch;Post.CH.AG.Kerzers
108654;Emir.Mustafa@salt.ch;Post.CH.AG.Ins
108664;Emir.Mustafa@salt.ch;Post.CH.AG.Aarberg
108670;Emir.Mustafa@salt.ch;Post.CH.AG.Jegenstorf
108673;Emir.Mustafa@salt.ch;Post.CH.AG.UrtenenSchönbühl
108677;Emir.Mustafa@salt.ch;Post.CH.AG.Wangen.an.der.Aare
108682;Emir.Mustafa@salt.ch;Post.CH.AG.Kirchberg.BE
108684;Emir.Mustafa@salt.ch;Post.CH.AG.Utzenstorf
108688;Emir.Mustafa@salt.ch;Post.CH.AG.Sumiswald
108694;Emir.Mustafa@salt.ch;Post.CH.AG.Konolfingen
108699;Emir.Mustafa@salt.ch;Post.CH.AG.Langnau.im.Emmental
108701;Emir.Mustafa@salt.ch;Post.CH.AG.Thun.4.SträttligenMarkt
108702;Emir.Mustafa@salt.ch;Post.CH.AG.Thun.7.Länggasse
108704;Emir.Mustafa@salt.ch;Post.CH.AG.Steffisburg.1
108708;Emir.Mustafa@salt.ch;Post.CH.AG.Heimberg
108716;Emir.Mustafa@salt.ch;Post.CH.AG.Uetendorf
108723;Emir.Mustafa@salt.ch;Post.CH.AG.Frutigen
108724;Emir.Mustafa@salt.ch;Post.CH.AG.Adelboden
108730;Emir.Mustafa@salt.ch;Post.CH.AG.Zweisimmen
108732;Emir.Mustafa@salt.ch;Post.CH.AG.Lenk.im.Simmental
108734;Emir.Mustafa@salt.ch;Post.CH.AG.Gstaad
108742;Emir.Mustafa@salt.ch;Post.CH.AG.Grindelwald
108748;Emir.Mustafa@salt.ch;Post.CH.AG.Meiringen
108750;Emir.Mustafa@salt.ch;Post.CH.AG.Naters
108751;Emir.Mustafa@salt.ch;Post.CH.AG.Saas.Fee
108769;Ludovic.Girardin@salt.ch;Poste.CH.SA.CransMontana.1
108786;Emir.Mustafa@salt.ch;Post.CH.AG.Basel.3.Spalen
108787;Emir.Mustafa@salt.ch;Post.CH.AG.Basel.7.Horburg
108789;Emir.Mustafa@salt.ch;Post.CH.AG.Basel.9.Ahornstrasse
108790;Emir.Mustafa@salt.ch;Post.CH.AG.Basel.10.Elisabethen
108792;Emir.Mustafa@salt.ch;Post.CH.AG.Basel.12.Kannenfeld
108793;Emir.Mustafa@salt.ch;Post.CH.AG.Basel.13.Voltacenter
108794;Emir.Mustafa@salt.ch;Post.CH.AG.Basel.15.Neuweilerplatz
108795;Emir.Mustafa@salt.ch;Post.CH.AG.Basel.16.Bad..Bahnhof
108796;Emir.Mustafa@salt.ch;Post.CH.AG.Basel.18.Gundeldingen
108797;Emir.Mustafa@salt.ch;Post.CH.AG.Basel.19.Kleinhüningen
108802;Emir.Mustafa@salt.ch;Post.CH.AG.Bottmingen
108803;Emir.Mustafa@salt.ch;Post.CH.AG.Oberwil.BL
108805;Emir.Mustafa@salt.ch;Post.CH.AG.Therwil
108809;Emir.Mustafa@salt.ch;Post.CH.AG.Allschwil.1
108810;Emir.Mustafa@salt.ch;Post.CH.AG.Riehen.1
108812;Emir.Mustafa@salt.ch;Post.CH.AG.Muttenz.1
108814;Emir.Mustafa@salt.ch;Post.CH.AG.Münchenstein.1
108816;Emir.Mustafa@salt.ch;Post.CH.AG.Dornach
108817;Emir.Mustafa@salt.ch;Post.CH.AG.Arlesheim
108818;Emir.Mustafa@salt.ch;Post.CH.AG.Aesch.BL
108824;Emir.Mustafa@salt.ch;Post.CH.AG.Breitenbach
108826;Emir.Mustafa@salt.ch;Post.CH.AG.Augst.BL
108829;Emir.Mustafa@salt.ch;Post.CH.AG.Rheinfelden.1
108831;Emir.Mustafa@salt.ch;Post.CH.AG.Möhlin
108835;Besnik.Jakupi@salt.ch;Post.CH.AG.Stein.AG
108838;Emir.Mustafa@salt.ch;Post.CH.AG.Füllinsdorf
108839;Emir.Mustafa@salt.ch;Post.CH.AG.Lausen
108840;Emir.Mustafa@salt.ch;Post.CH.AG.Bubendorf
108849;Emir.Mustafa@salt.ch;Post.CH.AG.Sissach
108853;Emir.Mustafa@salt.ch;Post.CH.AG.Gelterkinden
108855;Emir.Mustafa@salt.ch;Post.CH.AG.Solothurn.2.Stadt
108858;Emir.Mustafa@salt.ch;Post.CH.AG.Bellach
108862;Emir.Mustafa@salt.ch;Post.CH.AG
108870;Emir.Mustafa@salt.ch;Post.CH.AG.Derendingen
108872;Emir.Mustafa@salt.ch;Post.CH.AG.Biberist
108873;Emir.Mustafa@salt.ch;Post.CH.AG.Gerlafingen
108880;Besnik.Jakupi@salt.ch;Post.CH.AG.Wangen.b..Olten
108881;Besnik.Jakupi@salt.ch;Post.CH.AG.Hägendorf
108884;Besnik.Jakupi@salt.ch;Post.CH.AG.Egerkingen
108890;Besnik.Jakupi@salt.ch;Post.CH.AG.Trimbach
108895;Besnik.Jakupi@salt.ch;Post.CH.AG.Dulliken
108897;Besnik.Jakupi@salt.ch;Post.CH.AG.Aarburg
108898;Besnik.Jakupi@salt.ch;Post.CH.AG.Oftringen.1
108899;Besnik.Jakupi@salt.ch;Post.CH.AG.Oensingen
108901;Besnik.Jakupi@salt.ch;Post.CH.AG.Niederbipp
108908;Besnik.Jakupi@salt.ch;Post.CH.AG.Rothrist
108920;Emir.Mustafa@salt.ch;Post.CH.AG.Huttwil
108923;Besnik.Jakupi@salt.ch;Post.CH.AG.Schönenwerd
108929;Besnik.Jakupi@salt.ch;Post.CH.AG.Buchs.AG
108930;Besnik.Jakupi@salt.ch;Post.CH.AG.Suhr
108932;Besnik.Jakupi@salt.ch;Post.CH.AG.Oberentfelden
108934;Besnik.Jakupi@salt.ch;Post.CH.AG.Schöftland
108936;Emir.Mustafa@salt.ch;Post.CH.AG.Frick
108940;Emir.Mustafa@salt.ch;Post.CH.AG.Laufenburg
108943;Besnik.Jakupi@salt.ch;Post.CH.AG.Wildegg
108950;Besnik.Jakupi@salt.ch;Post.CH.AG.BirrLupfig
108951;Besnik.Jakupi@salt.ch;Post.CH.AG.Turgi
108954;Emir.Mustafa@salt.ch;Post.CH.AG.DöttingenKlingnau
108960;Emir.Mustafa@salt.ch;Post.CH.AG.Bad.Zurzach
108966;Besnik.Jakupi@salt.ch;Post.CH.AG.Nussbaumen.AG
108967;Besnik.Jakupi@salt.ch;Post.CH.AG.Untersiggenthal
108971;Besnik.Jakupi@salt.ch;Post.CH.AG.Wettingen.Dorf
108972;Besnik.Jakupi@salt.ch;Post.CH.SA.Wettingen.3.Langenstein
108973;Besnik.Jakupi@salt.ch;Post.CH.AG.Neuenhof
108975;Besnik.Jakupi@salt.ch;Post.CH.AG.Fislisbach
108985;Besnik.Jakupi@salt.ch;Post.CH.AG.Mellingen
108993;Besnik.Jakupi@salt.ch;Post.CH.AG.Villmergen
108997;Besnik.Jakupi@salt.ch;Post.CH.AG.Bremgarten.AG.1
109002;Besnik.Jakupi@salt.ch;Post.CH.AG.Muri.AG
109005;Besnik.Jakupi@salt.ch;Post.CH.AG.Sins
109008;Besnik.Jakupi@salt.ch;Post.CH.AG.Seon
109012;Besnik.Jakupi@salt.ch;Post.CH.AG.Gränichen
109013;Besnik.Jakupi@salt.ch;Post.CH.AG.Unterkulm
109015;Besnik.Jakupi@salt.ch;Post.CH.SA.Reinach.AG
109016;Besnik.Jakupi@salt.ch;Post.CH.AG.Menziken
109021;Besnik.Jakupi@salt.ch;Post.CH.AG.Luzern.4.Obergrund
109022;Besnik.Jakupi@salt.ch;Post.CH.AG.Luzern.6.Zürichstrasse
109023;Besnik.Jakupi@salt.ch;Post.CH.AG.Luzern.7.Hirschengraben
109025;Besnik.Jakupi@salt.ch;Post.CH.AG.Luzern.Littau
109027;Besnik.Jakupi@salt.ch;Post.CH.AG.Ruswil
109030;Besnik.Jakupi@salt.ch;Post.CH.AG.Emmenbrücke.2.Sprengi
109032;Besnik.Jakupi@salt.ch;Post.CH.AG.Rothenburg
109034;Besnik.Jakupi@salt.ch;Post.CH.AG.Ebikon
109038;Besnik.Jakupi@salt.ch;Post.CH.AG.Root
109041;Besnik.Jakupi@salt.ch;Post.CH.AG.Meggen
109043;Besnik.Jakupi@salt.ch;Post.CH.AG.Horw
109045;Besnik.Jakupi@salt.ch;Post.CH.AG.Alpnach.Dorf
109051;Besnik.Jakupi@salt.ch;Post.CH.AG.Malters
109052;Besnik.Jakupi@salt.ch;Post.CH.AG.Wolhusen
109054;Besnik.Jakupi@salt.ch;Post.CH.AG.Willisau
109060;Besnik.Jakupi@salt.ch;Post.CH.AG.Schüpfheim
109063;Besnik.Jakupi@salt.ch;Post.CH.AG.Escholzmatt
109066;Besnik.Jakupi@salt.ch;Post.CH.AG.Sempach.Stadt
109067;Besnik.Jakupi@salt.ch;Post.CH.AG.Neuenkirch
109071;Besnik.Jakupi@salt.ch;Post.CH.AG.Beromünster
109077;Besnik.Jakupi@salt.ch;Post.CH.AG.Nebikon
109081;Besnik.Jakupi@salt.ch;Post.CH.AG.Reiden
109085;Besnik.Jakupi@salt.ch;Post.CH.AG.Hochdorf
109090;Besnik.Jakupi@salt.ch;Post.CH.AG.Zug.3.Herti
109092;Besnik.Jakupi@salt.ch;Post.CH.AG.Steinhausen
109094;Besnik.Jakupi@salt.ch;Post.CH.AG.Unterägeri
109095;Besnik.Jakupi@salt.ch;Post.CH.AG.Oberägeri
109099;Besnik.Jakupi@salt.ch;Post.CH.AG.Cham
109100;Besnik.Jakupi@salt.ch;Post.CH.AG.Hünenberg
109102;Besnik.Jakupi@salt.ch;Post.CH.AG.Baar
109104;Besnik.Jakupi@salt.ch;Post.CH.AG.Rotkreuz
109108;Besnik.Jakupi@salt.ch;Post.CH.AG.Stansstad
109110;Emir.Mustafa@salt.ch;Post.CH.AG.Buochs
109114;Besnik.Jakupi@salt.ch;Post.CH.AG.Engelberg
109115;Besnik.Jakupi@salt.ch;Post.CH.AG.Küssnacht.am.Rigi
109117;Besnik.Jakupi@salt.ch;Post.CH.AG.Goldau
109125;Besnik.Jakupi@salt.ch;Post.CH.AG.Brunnen
109130;Besnik.Jakupi@salt.ch;Post.CH.AG.Schattdorf
109134;Emir.Mustafa@salt.ch;Posta.CH.SA.Bellinzona.2.Semine
109135;Gianni.Cartolano@salt.ch;Posta.CH.SA.Bellinzona.5.S..Paolo
109136;Gianni.Cartolano@salt.ch;Posta.CH.SA.Giubiasco
109139;Gianni.Cartolano@salt.ch;Posta.CH.SA.Cugnasco
109145;Gianni.Cartolano@salt.ch;Posta.CH.SA.Roveredo.GR
109152;Emir.Mustafa@salt.ch;Posta.CH.SA.S..Antonino
109157;Gianni.Cartolano@salt.ch;Posta.CH.SA.Tenero
109158;Gianni.Cartolano@salt.ch;Posta.CH.SA.Locarno.4.Solduno
109160;Gianni.Cartolano@salt.ch;Posta.CH.SA.Ascona
109162;Gianni.Cartolano@salt.ch;Posta.CH.SA.Losone
109165;Gianni.Cartolano@salt.ch;Posta.CH.SA.Minusio
109174;Gianni.Cartolano@salt.ch;Posta.CH.SA.Biasca
109182;Emir.Mustafa@salt.ch;Posta.CH.SA.Faido
109190;Gianni.Cartolano@salt.ch;Posta.CH.SA.Taverne
109191;Gianni.Cartolano@salt.ch;Posta.CH.SA.LamoneCadempino
109193;Emir.Mustafa@salt.ch;Posta.CH.SA.Bissone
109197;Emir.Mustafa@salt.ch;Posta.CH.SA.Riva.S..Vitale
109202;Gianni.Cartolano@salt.ch;Posta.CH.SA.Serfontana
109206;Gianni.Cartolano@salt.ch;Posta.CH.SA.Stabio
109212;Gianni.Cartolano@salt.ch;Posta.CH.SA.Lugano.2.Paradiso
109214;Gianni.Cartolano@salt.ch;Posta.CH.SA.Lugano.4.Molino.Nuovo
109215;Gianni.Cartolano@salt.ch;Posta.CH.SA.Lugano.6.Cassarate
109217;Gianni.Cartolano@salt.ch;Posta.CH.SA.Lugano.8.Massagno
109219;Emir.Mustafa@salt.ch;Posta.CH.SA.Grancia
109230;Gianni.Cartolano@salt.ch;Posta.CH.SA.Bioggio
109242;Gianni.Cartolano@salt.ch;Posta.CH.SA.Viganello
109243;Gianni.Cartolano@salt.ch;Posta.CH.SA.Pregassona
109246;Gianni.Cartolano@salt.ch;Posta.CH.SA.Agno
109249;Gianni.Cartolano@salt.ch;Posta.CH.SA.Caslano
109253;Lucas.Amigo@salt.ch;Post.CH.AG.Chur.1.Annahme
109254;Lucas.Amigo@salt.ch;Post.CH.AG.Chur.4.Ringstrasse
109258;Lucas.Amigo@salt.ch;Post.CH.AG.DomatEms
109260;Lucas.Amigo@salt.ch;Post.CH.AG.Flims.Dorf
109262;Lucas.Amigo@salt.ch;Post.CH.AG.Arosa
109265;Lucas.Amigo@salt.ch;Post.CH.AG.LenzerheideLai
109267;Lucas.Amigo@salt.ch;Post.CH.AG.Ilanz
109284;Lucas.Amigo@salt.ch;Post.CH.AG.Klosters
109285;Lucas.Amigo@salt.ch;Post.CH.AG.Davos.3.Dorf
109287;Lucas.Amigo@salt.ch;Post.CH.AG.Landquart
109289;Lucas.Amigo@salt.ch;Post.CH.AG.Bad.Ragaz
109290;Lucas.Amigo@salt.ch;Post.CH.AG.Sargans
109297;Lucas.Amigo@salt.ch;Post.CH.AG.Thusis
109307;Lucas.Amigo@salt.ch;Post.CH.AG.St..Moritz
109309;Lucas.Amigo@salt.ch;Post.CH.AG.Samedan
109320;Lucas.Amigo@salt.ch;Post.CH.AG.Scuol
109325;Lucas.Amigo@salt.ch;Post.CH.AG.Poschiavo
109328;Gianni.Cartolano@salt.ch;Post.CH.AG.Zürich.27.Enge
109329;Gianni.Cartolano@salt.ch;Post.CH.AG.Zürich.31.Industriequartier
109330;Gianni.Cartolano@salt.ch;Post.CH.AG.Zürich.33.Oberstrass
109331;Gianni.Cartolano@salt.ch;Post.CH.AG.Zürich.34.Riesbach
109333;Gianni.Cartolano@salt.ch;Post.CH.AG.Zürich.38.Wollishofen
109335;Gianni.Cartolano@salt.ch;Post.CH.AG.Zürich.41.Leimbach
109336;Gianni.Cartolano@salt.ch;Post.CH.AG.Zürich.42.Schaffhauserplatz
109339;Gianni.Cartolano@salt.ch;Post.CH.AG.Zürich.46.Affoltern
109340;Gianni.Cartolano@salt.ch;Post.CH.AG.Zürich.47.Albisrieden
109341;Gianni.Cartolano@salt.ch;Post.CH.AG.Zürich.48.Altstetten
109342;Gianni.Cartolano@salt.ch;Post.CH.AG.Zürich.49.Höngg
109343;Gianni.Cartolano@salt.ch;Post.CH.AG.Zürich.50.Oerlikon
109344;Gianni.Cartolano@salt.ch;Post.CH.AG.Zürich.51.Schwamendingen
109345;Gianni.Cartolano@salt.ch;Post.CH.AG.Zürich.52.Seebach
109346;Gianni.Cartolano@salt.ch;Post.CH.AG.Zürich.53.Witikon
109347;Gianni.Cartolano@salt.ch;Post.CH.AG.Zürich.60.Flughafen.Annahme
109349;Gianni.Cartolano@salt.ch;Post.CH.AG.Zürich.66.Letzibach
109350;Gianni.Cartolano@salt.ch;Post.CH.AG.Oberengstringen
109351;Gianni.Cartolano@salt.ch;Post.CH.AG.Unterengstringen
109353;Gianni.Cartolano@salt.ch;Post.CH.AG.Regensdorf
109355;Gianni.Cartolano@salt.ch;Post.CH.AG.Buchs.ZH
109356;Gianni.Cartolano@salt.ch;Post.CH.AG.Dällikon
109358;Gianni.Cartolano@salt.ch;Post.CH.AG.Fällanden
109363;Gianni.Cartolano@salt.ch;Post.CH.AG.Zumikon
109364;Gianni.Cartolano@salt.ch;Post.CH.AG.Egg.b..Zürich
109367;Gianni.Cartolano@salt.ch;Post.CH.AG.Langnau.am.Albis
109371;Gianni.Cartolano@salt.ch;Post.CH.AG.Glattbrugg
109373;Gianni.Cartolano@salt.ch;Post.CH.AG.Rümlang
109375;Gianni.Cartolano@salt.ch;Post.CH.AG.Niederhasli
109376;Gianni.Cartolano@salt.ch;Post.CH.AG.Dielsdorf
109392;Lucas.Amigo@salt.ch;Post.CH.AG.Schaffhausen.7.Herblingen
109393;Lucas.Amigo@salt.ch;Post.CH.AG.Neuhausen.am.Rheinfall.1
109400;Lucas.Amigo@salt.ch;Post.CH.AG.Thayngen
109402;Lucas.Amigo@salt.ch;Post.CH.AG.Diessenhofen
109403;Lucas.Amigo@salt.ch;Post.CH.AG.Stein.am.Rhein.1
109406;Lucas.Amigo@salt.ch;Post.CH.AG.Steckborn
109411;Gianni.Cartolano@salt.ch;Post.CH.AG.Glattzentrum.b..Wallisellen
109412;Gianni.Cartolano@salt.ch;Post.CH.AG.Bassersdorf
109413;Gianni.Cartolano@salt.ch;Post.CH.AG.Wallisellen
109414;Gianni.Cartolano@salt.ch;Post.CH.AG.Dietlikon
109415;Gianni.Cartolano@salt.ch;Post.CH.AG.Brüttisellen
109419;Gianni.Cartolano@salt.ch;Post.CH.AG.Fehraltorf
109420;Gianni.Cartolano@salt.ch;Post.CH.AG.Pfäffikon.ZH
109423;Gianni.Cartolano@salt.ch;Post.CH.AG.Hinwil
109427;Lucas.Amigo@salt.ch;Post.CH.AG.Aadorf
109430;Lucas.Amigo@salt.ch;Post.CH.AG.Sirnach
109433;Gianni.Cartolano@salt.ch;Post.CH.AG.Winterthur.4.Oberwinterthur
109434;Gianni.Cartolano@salt.ch;Post.CH.AG.Winterthur.5.Seen
109435;Gianni.Cartolano@salt.ch;Post.CH.AG.Winterthur.6.Töss
109436;Gianni.Cartolano@salt.ch;Post.CH.AG.Winterthur.8.Wülflingen
109437;Gianni.Cartolano@salt.ch;Post.CH.AG.Winterthur.11.Deutweg
109441;Gianni.Cartolano@salt.ch;Post.CH.AG.Embrach
109446;Lucas.Amigo@salt.ch;Post.CH.AG.Andelfingen
109448;Gianni.Cartolano@salt.ch;Post.CH.AG.Seuzach
109453;Gianni.Cartolano@salt.ch;Post.CH.AG.Turbenthal
109465;Lucas.Amigo@salt.ch;Post.CH.AG.Müllheim.Dorf
109481;Gianni.Cartolano@salt.ch;Post.CH.AG.Schwerzenbach
109482;Gianni.Cartolano@salt.ch;Post.CH.AG.Volketswil
109493;Gianni.Cartolano@salt.ch;Post.CH.AG.Gossau.ZH
109494;Gianni.Cartolano@salt.ch;Post.CH.AG.Wetzikon.ZH.1
109497;Gianni.Cartolano@salt.ch;Post.CH.AG.Hombrechtikon
109499;Gianni.Cartolano@salt.ch;Post.CH.AG.Wald.ZH
109501;Lucas.Amigo@salt.ch;PostShop.Jona
109502;Gianni.Cartolano@salt.ch;Post.CH.AG.Küsnacht.ZH
109503;Gianni.Cartolano@salt.ch;Post.CH.AG.Zollikon.Dorf
109504;Gianni.Cartolano@salt.ch;Post.CH.AG.Erlenbach.ZH
109505;Gianni.Cartolano@salt.ch;Post.CH.AG.Herrliberg
109506;Gianni.Cartolano@salt.ch;Post.CH.AG.Meilen
109508;Gianni.Cartolano@salt.ch;Post.CH.AG.Männedorf
109509;Gianni.Cartolano@salt.ch;Post.CH.AG.Stäfa
109515;Lucas.Amigo@salt.ch;Post.CH.AG.Eschenbach.SG
109525;Lucas.Amigo@salt.ch;Post.CH.AG.Thalwil
109527;Lucas.Amigo@salt.ch;Post.CH.AG.Rüschlikon
109528;Lucas.Amigo@salt.ch;Post.CH.AG.Richterswil
109531;Lucas.Amigo@salt.ch;Post.CH.AG.Horgen.1
109534;Lucas.Amigo@salt.ch;Post.CH.AG.Wollerau
109536;Lucas.Amigo@salt.ch;Post.CH.AG.Schindellegi
109538;Lucas.Amigo@salt.ch;Post.CH.AG.Einsiedeln
109541;Lucas.Amigo@salt.ch;Post.CH.AG.Lachen.SZ
109543;Lucas.Amigo@salt.ch;Post.CH.AG.Siebnen
109551;Lucas.Amigo@salt.ch;Post.CH.AG.Niederurnen
109554;Lucas.Amigo@salt.ch;Post.CH.AG.Pizolpark.Mels
109555;Lucas.Amigo@salt.ch;Post.CH.AG.Walenstadt
109560;Lucas.Amigo@salt.ch;Post.CH.AG.Urdorf
109561;Gianni.Cartolano@salt.ch;Post.CH.AG.Birmensdorf.ZH
109567;Besnik.Jakupi@salt.ch;Poste.CH.AG.Affoltern.am.Albis
109568;Besnik.Jakupi@salt.ch;Post.CH.AG.Obfelden
109577;Besnik.Jakupi@salt.ch;Post.CH.AG.Dietikon.1
109579;Besnik.Jakupi@salt.ch;Post.CH.AG.Geroldswil
109582;Besnik.Jakupi@salt.ch;Post.CH.AG.Berikon.Widen
109591;Lucas.Amigo@salt.ch;Post.CH.AG.St..Gallen.14.Bruggen
109593;Lucas.Amigo@salt.ch;Post.CH.AG.St..Gallen.16.Neudorf
109599;Lucas.Amigo@salt.ch;Post.CH.AG.Appenzell
109600;Lucas.Amigo@salt.ch;Post.CH.AG.Teufen.AR
109606;Lucas.Amigo@salt.ch;Post.CH.AG.Herisau.2.Dorf
109611;Lucas.Amigo@salt.ch;Post.CH.AG.Degersheim
109616;Lucas.Amigo@salt.ch;Post.CH.AG.Bischofszell
109617;Lucas.Amigo@salt.ch;Post.CH.AG.Flawil.1
109619;Lucas.Amigo@salt.ch;Post.CH.AG.Uzwil
109620;Lucas.Amigo@salt.ch;Post.CH.AG.Oberuzwil
109624;Lucas.Amigo@salt.ch;Post.CH.AG.Wittenbach
109631;Lucas.Amigo@salt.ch;Post.CH.AG.Rorschach
109633;Lucas.Amigo@salt.ch;Post.CH.AG.Goldach
109635;Lucas.Amigo@salt.ch;Post.CH.AG.Heiden
109639;Lucas.Amigo@salt.ch;Post.CH.AG.Rheineck
109643;Lucas.Amigo@salt.ch;Post.CH.AG.St..Margrethen.SG
109645;Lucas.Amigo@salt.ch;Post.CH.AG.Heerbrugg
109649;Lucas.Amigo@salt.ch;Post.CH.AG.Widnau
109650;Lucas.Amigo@salt.ch;Post.CH.AG.Diepoldsau
109652;Lucas.Amigo@salt.ch;Post.CH.AG.Altstätten.SG
109661;Lucas.Amigo@salt.ch;Post.CH.AG.Grabs
109669;Lucas.Amigo@salt.ch;Post.CH.AG.Rickenbach.b..Wil
109672;Lucas.Amigo@salt.ch;Post.CH.AG.Münchwilen.TG
109679;Lucas.Amigo@salt.ch;Post.CH.AG.Bazenheid
109684;Lucas.Amigo@salt.ch;Post.CH.AG.Wattwil
107661;Besnik.Jakupi@salt.ch;Post.CH.AG.Olten.4.Hammer
104801;Christian.Aveni@salt.ch;BLS.Christian.Aveni.CBO.104801
109712;martin.keller2@salt.ch;Zirkumflex.AG
100986;martin.keller2@salt.ch;Abalon.Telecom.IT.AG
109715;Ludovic.Girardin@salt.ch;VTX.Services.SA
104802;martin.keller2@salt.ch;efon.AG
100452;martin.keller2@salt.ch;Salt.Liechtenstein.AG
109689;martin.keller2@salt.ch;Telecom.Liechtenstein.AG
106508;martin.keller2@salt.ch;deep.AG
109723;Christian.Aveni@salt.ch;AM.Raquel.Lopez.109723
109734;Julien.Chanrion@salt.ch;LAS..Alban.Alidemi..109734
109741;Uwe.Raulf@salt.ch;Lead.Gen.Amel.Boukhebbache.109741
103583;martin.keller2@salt.ch;H..Quaderer.AG,.B2B.SBP.103583
104086;martin.keller2@salt.ch;mobilezone.ag.104086
101901;Gianni.Cartolano@salt.ch;4G.Consulting.&.Communications.SA
108070;Besnik.Jakupi@salt.ch;Mobilezone.AG.Olten.Sälipark
108060;Ludovic.Girardin@salt.ch;Post.CH.AG.La.ChauxdeFonds.5.Les.Entilles
103370;Lucas.Amigo@salt.ch;Mobilezone.Business.AG
108100;Uwe.Raulf@salt.ch;Customer.Care.OMD.Coop
110133;Besnik.Jakupi@salt.ch;Electronova.Luzern.GmbH
110100;Lucas.Amigo@salt.ch;Media.Point.Service.GmbH
110259;Ludovic.Girardin@salt.ch;VASP.Partner.Account.Management
110290;Besnik.Jakupi@salt.ch;WALFRA.Computer.GmbH
110338;Besnik.Jakupi@salt.ch;Handyshop.Swiss.Mellingen
110346;Lucas.Amigo@salt.ch;handy.ch.Romanshorn
110351;Gianni.Cartolano@salt.ch;Mobilezone.SA.Morbio.Serfontana.EKZ
110353;Lucas.Amigo@salt.ch;Arco,.Radio.TV.HiFi.Video
110359;Emir.Mustafa@salt.ch;IT.Business.Services.GmbH
110360;Emir.Mustafa@salt.ch;mobilit.AG
110365;Lucas.Amigo@salt.ch;Mobilezone.AG.St..Gallen.Zürcherstrasse.EKZ
110370;Besnik.Jakupi@salt.ch;Spider.Web.GmbH
110390;Emir.Mustafa@salt.ch;go4mobile.ag
110395;Ludovic.Girardin@salt.ch;Tech..phone.Sàrl
110404;Gianni.Cartolano@salt.ch;Ticinomedia.Sagl
110414;Ludovic.Girardin@salt.ch;Mobilezone.SA.Payerne
110429;Gianni.Cartolano@salt.ch;Post.CH.AG.Glattpark.Opfikon
110433;Lucas.Amigo@salt.ch;Novatel
110440;Ludovic.Girardin@salt.ch;Mobilezone.SA.Genève.Petit.Lancy.EKZ
110464;Emir.Mustafa@salt.ch;BR.Trade.&.Consulting.GmbH
110500;Emir.Mustafa@salt.ch;Art.Computer.SA
110501;Ludovic.Girardin@salt.ch;Art.Computer.SA
110502;Ludovic.Girardin@salt.ch;Art.Computer.SA
110514;Ludovic.Girardin@salt.ch;NGT.New.Generation.Telecom.SA
110536;Ludovic.Girardin@salt.ch;Digirama.AG
110567;Besnik.Jakupi@salt.ch;Borrini.Multimedia
110538;Besnik.Jakupi@salt.ch;Peter.Heller.TVVideoHifi
110581;Lucas.Amigo@salt.ch;HagenGasser.GmbH
110556;Lucas.Amigo@salt.ch;amritronic.GmbH
110558;Lucas.Amigo@salt.ch;TeleLocher.AG
110569;Lucas.Amigo@salt.ch;Jakob.Rüdisüli.AG
110571;Lucas.Amigo@salt.ch;Expert.Frank.GmbH
110624;Besnik.Jakupi@salt.ch;natelo.AG.Emmenbrücke
110631;Lucas.Amigo@salt.ch;pqmobile.GmbH
110632;Gianni.Cartolano@salt.ch;Post.CH.AG.Dübendorf.3.Insiderpark
110633;Emir.Mustafa@salt.ch;Post.CH.AG.Bern.1.PostParc
110634;Emir.Mustafa@salt.ch;MondoMobile.di.Yankov
110635;Emir.Mustafa@salt.ch;SinMédia.Macabrey
110693;Besnik.Jakupi@salt.ch;Post.CH.AG.Zug.Laubenhof
110713;Besnik.Jakupi@salt.ch;TKS.TELECOM.Bühler.Stephan
110714;Emir.Mustafa@salt.ch;Handyapotheke.Mogulan.Peethamparam
110715;Lucas.Amigo@salt.ch;codename.AG
110725;Besnik.Jakupi@salt.ch;Euro.Computer.Ramesch.GmbH
110767;Uwe.Raulf@salt.ch;LAS.Julien.Chanrion.110767
110771;Uwe.Raulf@salt.ch;BLS.Benjamin.Mottet.110771
110778;Julien.Chanrion@salt.ch;AMES.NordCentral.2
110787;Julien.Chanrion@salt.ch;LAS.Eneas.Vargas.110787
110789;Julien.Chanrion@salt.ch;AMES.18
110790;Julien.Chanrion@salt.ch;AMES.19
110806;Christian.Aveni@salt.ch;LAS.Filomena.Cariola.110806
110815;Christian.Aveni@salt.ch;SBS.Sabrina.Romano.110815
110816;Christian.Aveni@salt.ch;AM.Raphael.Widmer.110816
110830;Lucas.Amigo@salt.ch;STelekommunikation.by.Sinisa.Gazic
110837;Emir.Mustafa@salt.ch;Jamois.Felicity
110866;Lucas.Amigo@salt.ch;Swiss.Mobile.GmbH
110922;Besnik.Jakupi@salt.ch;Mobilezone.AG.Luzern.Bahnhof.EKZ
110925;Lucas.Amigo@salt.ch;Uneltech.Electronic.AG
110927;Emir.Mustafa@salt.ch;XtremPhone.Sàrl
110932;Besnik.Jakupi@salt.ch;Handyshop.Swiss
110958;Gianni.Cartolano@salt.ch;Phonext.di.Rizza.Luigi.e.Gian.Franco
110960;Lucas.Amigo@salt.ch;AST.SWISS.AG
110968;Ludovic.Girardin@salt.ch;Colarelli.Sàrl
110971;Ludovic.Girardin@salt.ch;GRAU.Electricité.SA
110981;Ludovic.Girardin@salt.ch;XperPhone.Sàrl
111005;Besnik.Jakupi@salt.ch;iHelper.GmbH
111013;Lucas.Amigo@salt.ch;Data.Quest.AG.Corporate.Business.Unit
111017;Lucas.Amigo@salt.ch;Mobile.Einsiedeln.ag
111021;Ludovic.Girardin@salt.ch;Speed.Reparation.Margjoni
111074;Gianni.Cartolano@salt.ch;Post.CH.AG.Zürich.25.Urania
111095;Lucas.Amigo@salt.ch;Xinnomix.GmbH
111108;Lucas.Amigo@salt.ch;iTSPOT.GmbH
111127;Emir.Mustafa@salt.ch;mobile4business.AG
111275;Besnik.Jakupi@salt.ch;WALFRA.Computer.GmbH
111294;Ludovic.Girardin@salt.ch;écophone,.Solav.Omar
111296;Besnik.Jakupi@salt.ch;natelo.AG.Muri
111314;Emir.Mustafa@salt.ch;VoipTel.Service.Sagl
111316;Gianni.Cartolano@salt.ch;AD.Tech.Sagl
111320;Besnik.Jakupi@salt.ch;Gega.Phone.GmbH
111324;Lucas.Amigo@salt.ch;Hellocom.AG
111328;Lucas.Amigo@salt.ch;Chexter.GmbH
111338;Lucas.Amigo@salt.ch;WinLux.GmbH
111340;Ludovic.Girardin@salt.ch;FairRepair.Malo
111341;Lucas.Amigo@salt.ch;DÄLLENBACH.Kommunikations.und.Veranstaltungstechnik.GmbH
111350;Besnik.Jakupi@salt.ch;Maurer.AG.Multimedia.Sound.Vision
111351;Lucas.Amigo@salt.ch;PhoneStore.Communications.GmbH.Baar
114754;Besnik.Jakupi@salt.ch;Clar.IT.Service.GmbH
114762;Besnik.Jakupi@salt.ch;Data.Quest.AG
114772;Besnik.Jakupi@salt.ch;T.A.Mobile.Stambolija
114781;Besnik.Jakupi@salt.ch;Valora.Schweiz.AG
114783;Emir.Mustafa@salt.ch;Giuseppe.Vaccarella.z.Hd..DDM.Group
114784;Gianni.Cartolano@salt.ch;TCL.Telecom.Center.Lugano.Sagl
114785;Emir.Mustafa@salt.ch;Globali.Mobile.GmbH
114787;Gianni.Cartolano@salt.ch;Mobilezone.AG.Zürich.Shopville.Hauptbahnhof.EKZ
114788;Besnik.Jakupi@salt.ch;Mobilezone.AG.Ebikon.Mall.of.Switzerland.EKZ
114789;Gianni.Cartolano@salt.ch;Phone.Style.di.Luisito.Capra
114793;Ludovic.Girardin@salt.ch;Mobilezone.AG.Centre.Manor.Monthey
114797;Besnik.Jakupi@salt.ch;Handy.Shop.Emmen.GmbH
114798;Besnik.Jakupi@salt.ch;natelo.AG.Küssnacht
114800;Lucas.Amigo@salt.ch;PhoneStore.Communications.GmbH.Einsiedeln
114805;Besnik.Jakupi@salt.ch;Mobilezone.AG.RischRotkreuz
114823;Lucas.Amigo@salt.ch;Arena.Tech.AG
114824;Emir.Mustafa@salt.ch;alao.AG
114825;Lucas.Amigo@salt.ch;Roner.&.Partner.Scrl
10610;Lars.Keller@salt.ch;Direct.Sales.Internal
10616;Lars.Keller@salt.ch;Direct.Sales.Internal
10617;Lars.Keller@salt.ch;Direct.Sales.Internal
10618;Lars.Keller@salt.ch;Direct.Sales.Internal
10619;Lars.Keller@salt.ch;Direct.Sales.Internal
10620;Lars.Keller@salt.ch;Direct.Sales.External
10621;Lars.Keller@salt.ch;Direct.Sales.External
10622;Lars.Keller@salt.ch;Direct.Sales.External
10623;Lars.Keller@salt.ch;Direct.Sales.External
10624;Lars.Keller@salt.ch;Direct.Sales.External
10625;Lars.Keller@salt.ch;Direct.Sales.External
10626;Lars.Keller@salt.ch;Direct.Sales.External
10627;Lars.Keller@salt.ch;Direct.Sales.External
10628;Lars.Keller@salt.ch;Direct.Sales.External
10629;Lars.Keller@salt.ch;Direct.Sales.External
114834;Christian.Aveni@salt.ch;BLS.Jonathan.Gaillard.114834
114835;Christian.Aveni@salt.ch;AM.Sylvain.Mento.114835
114836;Christian.Aveni@salt.ch;AM.Patrik.Dettling.114836
114837;Christian.Aveni@salt.ch;AM.Ismail.Yücel.114837
114839;Christian.Aveni@salt.ch;AM.Rodolphe.Adam.114839
114840;Christian.Aveni@salt.ch;New.B2B.DSF
114841;Christian.Aveni@salt.ch;New.B2B.DSF
114842;Christian.Aveni@salt.ch;New.B2B.DSF
114843;Lucas.Amigo@salt.ch;Mobile.World.ZH.GmbH
114845;Emir.Mustafa@salt.ch;Mobilezone.AG.BEA
114847;Gianni.Cartolano@salt.ch;Moovie.Mura.Swiss.Technology
114848;Emir.Mustafa@salt.ch;Revendo.AG
114854;martin.keller2@salt.ch;4G.Consulting.&.Communications.SA.114854
114855;Ludovic.Girardin@salt.ch;MULTITEL.SA
114856;Ludovic.Girardin@salt.ch;Multitel.Genève.Sàrl
114857;Ludovic.Girardin@salt.ch;Multitel.Rolle.Sàrl
114858;Ludovic.Girardin@salt.ch;Multitel.Morges
114859;Ludovic.Girardin@salt.ch;Privatel.SA.Lonay
114860;Ludovic.Girardin@salt.ch;Privatel.SA.Renens
114861;martin.keller2@salt.ch;MULTITEL.SA
114862;martin.keller2@salt.ch;Multitel.Genève.Sàrl
114863;martin.keller2@salt.ch;Multitel.Rolle.Sàrl
114864;martin.keller2@salt.ch;Multitel.Morges
114865;martin.keller2@salt.ch;Privatel.SA.Lonay
114866;martin.keller2@salt.ch;Privatel.SA.Renens
114868;martin.keller2@salt.ch;Lidl.Schweiz.DL.AG
114872;Ludovic.Girardin@salt.ch;Finance.Assurances.Solutions.Sàrl
114873;martin.keller2@salt.ch;Vitanovacom.GmbH
114880;Emir.Mustafa@salt.ch;CableIT.J..Tester
114881;Gianni.Cartolano@salt.ch;Handy.&.Tablet.Service.Piskin
114882;Gianni.Cartolano@salt.ch;PHONE.GARAGE.DI.MIRKO.CONCONI
114883;martin.keller2@salt.ch;my.connect.GmbH.114883
114888;martin.keller2@salt.ch;Schaefer.AG.114888
114890;Ludovic.Girardin@salt.ch;SAVOY.SA
114899;Gianni.Cartolano@salt.ch;DGSpot.GmbH
114903;martin.keller2@salt.ch;Lidl.Telesales.TPLDE
114904;martin.keller2@salt.ch;Lidl.Telesales.TPLFR
114917;Gianni.Cartolano@salt.ch;tip.top.natel.Sagl
114927;Ludovic.Girardin@salt.ch;GRAU.Electricité.SA
114928;Ludovic.Girardin@salt.ch;FTH.Services.SA
114930;martin.keller2@salt.ch;Missiliez.SA
114935;martin.keller2@salt.ch;AD.Tech.Sagl.114935
114936;martin.keller2@salt.ch;Centre.Natel.Emery.Sàrl.114936
114937;Lucas.Amigo@salt.ch;Mobilezone.AG.Wattwil
114938;martin.keller2@salt.ch;TeleConsulting.by.Arzu.Girti.114938
114939;martin.keller2@salt.ch;Ing..Carlo.Bosia.SA.114939
114942;Besnik.Jakupi@salt.ch;Mobilezone.AG.Zuger.Messe
114944;martin.keller2@salt.ch;PepeNeuhaus.Sàrl.114944
114947;Ludovic.Girardin@salt.ch;FMT.Swiss.Marketing.Sàrl
114954;martin.keller2@salt.ch;AMS.All.Mobile.Service.AG
114955;Gianni.Cartolano@salt.ch;Mobilezone.AG.Zürich.Shopville.2
114966;martin.keller2@salt.ch;Technoware.Sàrl.114966
114968;martin.keller2@salt.ch;Magicom.SA.114968
114969;Besnik.Jakupi@salt.ch;deinabo.Online
114972;martin.keller2@salt.ch;SPS.Swiss.Plus.Solution.SA.114972
114975;Besnik.Jakupi@salt.ch;natelo.ch.Online
114976;martin.keller2@salt.ch;Auratel.AG.114976
114980;Gianni.Cartolano@salt.ch;Crusader.Sagl
114985;Ludovic.Girardin@salt.ch;Mobilezone.SA.Genève.Rive
114992;martin.keller2@salt.ch;Xenis.AG.114992
115010;martin.keller2@salt.ch;MULTITEL.SA.390
115011;martin.keller2@salt.ch;Multitel.Genève.Sàrl.390
115012;martin.keller2@salt.ch;Multitel.Rolle.Sàrl.390
115013;martin.keller2@salt.ch;Multitel.Morges.390
115014;martin.keller2@salt.ch;Privatel.SA.Lonay.390
115015;martin.keller2@salt.ch;Privatel.SA.Renens.390
115016;martin.keller2@salt.ch;4G.Consulting.&.Communications.SA.390.115016
115017;martin.keller2@salt.ch;Vitanovacom.GmbH.390
115018;martin.keller2@salt.ch;my.connect.GmbH.390.115018
115019;martin.keller2@salt.ch;Schaefer.AG.390.115019
115028;martin.keller2@salt.ch;AMS.All.Mobile.Service.AG.390
115032;martin.keller2@salt.ch;Auratel.AG.390.115032
115034;martin.keller2@salt.ch;mobilezone.ag.390.115034
115035;Emir.Mustafa@salt.ch;Mobilezone.AG.Wilderswil
115041;Lucas.Amigo@salt.ch;Didico.AG
115048;Gianni.Cartolano@salt.ch;Art.Computer.SA
115050;Lucas.Amigo@salt.ch;PhoneStore.Communications.GmbH.Schlieren
10401;Lars.Keller@salt.ch;Trade.Fair.East
10402;Lars.Keller@salt.ch;Trade.Fair.Central
10403;Lars.Keller@salt.ch;Trade.Fair.West
115080;Ludovic.Girardin@salt.ch;Allo.Group.Switzerland.Sàrl
115081;martin.keller2@salt.ch;Perlini.Mobile
115086;martin.keller2@salt.ch;Padcom.AG
115087;martin.keller2@salt.ch;MSS.Consulting.Marcello.Stellato
115088;Besnik.Jakupi@salt.ch;Mobilezone.AG.Inhouse.Sales
115089;Emir.Mustafa@salt.ch;EWA.Energie.Wasser.Aarberg.AG
115091;Julien.Chanrion@salt.ch;SKAM..Anthony.Bollhalder..115091
115093;Julien.Chanrion@salt.ch;SKAM..Bahadir.Candan..115093
115094;Julien.Chanrion@salt.ch;SKAM..Massimo.Insalata..115094
115095;Christian.Aveni@salt.ch;PAM..Fikret.Aydin..115095
115096;Julien.Chanrion@salt.ch;KAM..Vladimir.Petkovic..115096
115097;Lucas.Amigo@salt.ch;St.Galler.Stadtwerke.TelecomShop
115106;Julien.Chanrion@salt.ch;SKAM..Alexander.Fulge..115106
115107;Julien.Chanrion@salt.ch;LAS.Sayat.Capkan.115107
115110;Gianni.Cartolano@salt.ch;Mobilezone.SA.Lugano.Peri
115131;Emir.Mustafa@salt.ch;Mobilezone.AG.Bern.Bahnhof
115132;Ludovic.Girardin@salt.ch;Multitel.SA
115134;martin.keller2@salt.ch;Multitel.SA
115136;Julien.Chanrion@salt.ch;AM..Vigan.Bajrami..115136
115137;martin.keller2@salt.ch;Swiss.Mobile.GmbH
115153;Besnik.Jakupi@salt.ch;Fixzone.GmbH
115154;Julien.Chanrion@salt.ch;SBS.Philippe.Ayoun.115154
115156;Ludovic.Girardin@salt.ch;Swissphonie.Swissimmob,.Jacques.Slama
115164;Besnik.Jakupi@salt.ch;Mobilezone.AG.Aarau.2
115165;Besnik.Jakupi@salt.ch;natelo.AG.Sursee
115175;Emir.Mustafa@salt.ch;Post.CH.AG.Bern.16.Burgernziel
115179;Gianni.Cartolano@salt.ch;Mobilezone.AG.Glattzentrum.2
115180;martin.keller2@salt.ch;Mediacom.Durmus.AG
115181;martin.keller2@salt.ch;it2day.AG
115182;Gianni.Cartolano@salt.ch;SMARTMOBILE.GmbH
115183;martin.keller2@salt.ch;Telesales.LIDL.WH
115184;martin.keller2@salt.ch;Telesales.LIDL.GA
115185;martin.keller2@salt.ch;Telesales.LIDL.TPTH
115187;Besnik.Jakupi@salt.ch;Fixzone.GmbH
115188;Besnik.Jakupi@salt.ch;Fixzone.GmbH
115191;martin.keller2@salt.ch;Lidl.Salt.Biel.Winback.Level.1
115192;martin.keller2@salt.ch;Lidl.Salt.Biel.Winback.Level.2
115193;martin.keller2@salt.ch;Lidl.Customer.Loyalty.inbound
115194;martin.keller2@salt.ch;Lidl.Customer.Loyalty.backoffice
115195;martin.keller2@salt.ch;Lidl.Customer.Loyalty.outbound
115198;martin.keller2@salt.ch;Mediacom.Durmus.AG
115199;martin.keller2@salt.ch;it2day.AG
115200;Ludovic.Girardin@salt.ch;REDPHONE.SARL
115206;Jonathan.Gaillard@salt.ch;AM.Henri.Lababsi.115206
115214;Ludovic.Girardin@salt.ch;Privatel.CTS
115215;martin.keller2@salt.ch;Privatel.SA..ClienTel.Sàrl
115218;Julien.Chanrion@salt.ch;AM.Muhamed.Shaqiri.115218
115219;Julien.Chanrion@salt.ch;AM.Urs.Reuss.115219
115228;Anis.Farhat@salt.ch;AM.Anis.Farhat.115228
115229;Julien.Chanrion@salt.ch;AM.Hannes.Schwarzer.115229
115243;Lucas.Amigo@salt.ch;Meta.Communications.GmbH
115254;Julien.Chanrion@salt.ch;SBS.Ferenc.Lipcsei.115254
115255;Gianni.Cartolano@salt.ch;Stadtantennen.AG
115256;Besnik.Jakupi@salt.ch;USSI.Handels.GmbH
115264;Emir.Mustafa@salt.ch;TecMarkt.GmbH
115265;Julien.Chanrion@salt.ch;KAM..Nikolic.Vjekoslav..115265
115266;Ludovic.Girardin@salt.ch;Multitel.FNAC.Rive
115282;Fikret.Aydin@salt.ch;pqmobile.GmbH
115283;Jonathan.Gaillard@salt.ch;AM.Alexandre.Borgeaud.115283
115285;Besnik.Jakupi@salt.ch;Eldoni.GmbH
115230;martin.keller2@salt.ch;Lidl.Eshop
115289;Fikret.Aydin@salt.ch;natelo.AG
115290;Fikret.Aydin@salt.ch;natelo.AG.390
115296;Emir.Mustafa@salt.ch;salespromo.ch.GmbH
115297;Emir.Mustafa@salt.ch;Reca.Mobile.Sevgi
115298;Ludovic.Girardin@salt.ch;Multitel.SA
115358;Emir.Mustafa@salt.ch;MobilecomStore.GmbH
115367;Ludovic.Girardin@salt.ch;Devcom.Agency.Sàrl
115369;Besnik.Jakupi@salt.ch;Computer.Support.Center.Ebrahimi
115372;martin.keller2@salt.ch;Mobile.POS.LIDL.Winterthur
115388;Ludovic.Girardin@salt.ch;Multitel.FNAC.Genève.Balexert
115389;Ludovic.Girardin@salt.ch;Multitel.FNAC.Lausanne
115390;Ludovic.Girardin@salt.ch;Multitel.FNAC.Fribourg
115391;Ludovic.Girardin@salt.ch;Multitel.FNAC.Neuchatel
115395;Fikret.Aydin@salt.ch;Alptel.GmbH
115396;Fikret.Aydin@salt.ch;Alptel.GmbH.390
115398;Julien.Chanrion@salt.ch;AM.Huong.Huynh.115398
115399;Julien.Chanrion@salt.ch;AM.Sareh.Shagaldians.115399
115404;Besnik.Jakupi@salt.ch;Mobilezone.AG.Würenlos
115405;Emir.Mustafa@salt.ch;Gemeindebetriebe.Muri.b..Bern,.Telecom
115411;martin.keller2@salt.ch;Mobile.POS.LIDL.Courgevaux
115413;Besnik.Jakupi@salt.ch;Swiss4net.Holding.AG
115416;matthias.feierabend@salt.ch;Mobile.POS.with.SST.staff
115422;martin.keller2@salt.ch;Mobile.POS.LIDL.Rothrist
115425;Emir.Mustafa@salt.ch;Maurer.Radio.Television.AG
115434;Julien.Chanrion@salt.ch;LAS.Katarina.Guida.115434
115436;Ludovic.Girardin@salt.ch;Particule.Concept.Sàrl
115440;Philippe.Ayoun@salt.ch;SBS.Marko.Alobik.115440
115441;Philippe.Ayoun@salt.ch;SBS.Stefano.Maggiore.115441
115445;Eneas.Vargas@salt.ch;AM.Eneas.Vargas.115445
115452;Besnik.Jakupi@salt.ch;Mobile.Corner.GmbH
115453;martin.keller2@salt.ch;Mobile.POS.LIDL.Wohlen
115454;martin.keller2@salt.ch;Mobile.POS.LIDL.YverdonlesBains
115462;Ludovic.Girardin@salt.ch;Multitel.Fnac.Genève.Cornavin
115463;Ludovic.Girardin@salt.ch;Multitel.Fnac.Chavanne
115464;Ludovic.Girardin@salt.ch;Multitel.Fnac.Vevey
115468;Ludovic.Girardin@salt.ch;Fibre.Solution.Sàrl
115472;Julien.Chanrion@salt.ch;SBS.Fabian.Borer.115472
115480;Hodan.Mohamed@salt.ch;Lidl.MPOS.1.East
115481;Hodan.Mohamed@salt.ch;Lidl.MPOS.2.East
115482;Hodan.Mohamed@salt.ch;Lidl.MPOS.3.East
115483;Hodan.Mohamed@salt.ch;Lidl.MPOS.4.East
115484;Hodan.Mohamed@salt.ch;Lidl.MPOS.1.Central
115485;Hodan.Mohamed@salt.ch;Lidl.MPOS.2.Central
115486;Hodan.Mohamed@salt.ch;Lidl.MPOS.3.Central
115487;Hodan.Mohamed@salt.ch;Lidl.MPOS.4.Central
115488;Hodan.Mohamed@salt.ch;Lidl.MPOS.1.West
115489;Hodan.Mohamed@salt.ch;Lidl.MPOS.2.West
115490;Hodan.Mohamed@salt.ch;Lidl.MPOS.3.West
115491;Hodan.Mohamed@salt.ch;Lidl.MPOS.4.West
10630;Hodan.Mohamed@salt.ch;Salt.MPOS.1.East
10631;Hodan.Mohamed@salt.ch;Salt.MPOS.2.East
10632;Hodan.Mohamed@salt.ch;Salt.MPOS.3.East
10633;Hodan.Mohamed@salt.ch;Salt.MPOS.4.East
10650;Hodan.Mohamed@salt.ch;Salt.MPOS.1.Central
10651;Hodan.Mohamed@salt.ch;Salt.MPOS.2.Central
10652;Hodan.Mohamed@salt.ch;Salt.MPOS.3.Central
10653;Hodan.Mohamed@salt.ch;Salt.MPOS.4.Central
10670;Hodan.Mohamed@salt.ch;Salt.MPOS.1.West
10671;Hodan.Mohamed@salt.ch;Salt.MPOS.2.West
10672;Hodan.Mohamed@salt.ch;Salt.MPOS.3.West
10673;Hodan.Mohamed@salt.ch;Salt.MPOS.4.West
10680;Hodan.Mohamed@salt.ch;Door.to.Door.East
10681;Hodan.Mohamed@salt.ch;Door.to.Door.Central
10682;Hodan.Mohamed@salt.ch;Door.to.Door.West
115496;Christian.Aveni@salt.ch;BLS.Christoph.Klöpping.115496
115497;Ludovic.Girardin@salt.ch;PepeNeuhaus.Sàrl
115504;Lucas.Amigo@salt.ch;AlptelShop.Amriswil
115505;Lucas.Amigo@salt.ch;AlptelShop.Appenzell
115506;Lucas.Amigo@salt.ch;AlptelShop.Kreuzlingen
115509;Besnik.Jakupi@salt.ch;FoxDeal.AG
115513;Julien.Chanrion@salt.ch;SBS.Patrick.Wermeille.115513
115522;Ludovic.Girardin@salt.ch;Multitel.SIS
115543;Julien.Chanrion@salt.ch;Welcomeonboard
115544;Lucas.Amigo@salt.ch;mobile.klinik.AG
115546;Christoph.Kloepping@salt.ch;AM.Robert.Yelegen.115546
115547;Christoph.Kloepping@salt.ch;AM.Marco.Di.Giorgi.115547
115550;Emir.Mustafa@salt.ch;mobile.klinik.AG.Biel
115551;Emir.Mustafa@salt.ch;mobile.klinik.AG.Bern.Zytglogge
115552;Emir.Mustafa@salt.ch;mobile.klinik.AG.Bern.Westside
115553;Besnik.Jakupi@salt.ch;mobile.klinik.AG.Zug
115554;Emir.Mustafa@salt.ch;mobile.klinik.AG.Basel
115557;Ludovic.Girardin@salt.ch;mobile.klinik.AG.YverdonlesBains
115558;Ludovic.Girardin@salt.ch;mobile.klinik.AG.Fribourg
115559;Ludovic.Girardin@salt.ch;mobile.klinik.AG.Lausanne
115560;Gianni.Cartolano@salt.ch;Eyeswiss.SA
115563;Ludovic.Girardin@salt.ch;Multitel.SA
115565;Lucas.Amigo@salt.ch;handy.ch.Aadorf
115571;Besnik.Jakupi@salt.ch;natelo.AG.Rapperswil
115572;Besnik.Jakupi@salt.ch;natelo.AG.Zug
115581;Christoph.Kloepping@salt.ch;AM.Yves.Seiler.115581
115583;Fikret.Aydin@salt.ch;Business.Center.Bahnstrasse.GmbH
115584;Fikret.Aydin@salt.ch;Business.Center.Bahnstrasse.GmbH.390
115585;Besnik.Jakupi@salt.ch;Fixzone.GmbH
115589;Gianni.Cartolano@salt.ch;Mobilezone.AG.Flughafen.Zürich
115590;Lucas.Amigo@salt.ch;Logic.Group.AG
115602;Fikret.Aydin@salt.ch;Sat.Communications.Sagl
115603;Fikret.Aydin@salt.ch;BizTelecom.Sagl
115604;Fikret.Aydin@salt.ch;Sat.Communications.Sagl.390
115605;Fikret.Aydin@salt.ch;BizTelecom.Sagl.390
115606;Besnik.Jakupi@salt.ch;Love.Beauty.GmbH
115609;Philippe.Ayoun@salt.ch;SBS.Assia.El.Fahfouhi.115609
115613;Besnik.Jakupi@salt.ch;2COM.Computer.and.Communication.GmbH
10683;Hodan.Mohamed@salt.ch;Door.to.Door.South.West
115619;Gianni.Cartolano@salt.ch;BizTelecom.Sagl
115620;Gianni.Cartolano@salt.ch;Sat.Communications.Sagl
115622;Ludovic.Girardin@salt.ch;Swiftcom.Sàrl
115623;Christoph.Kloepping@salt.ch;AM.Kamran.Shirazi.115623
10684;Hodan.Mohamed@salt.ch;Door.to.Door.Southwest
115625;Lucas.Amigo@salt.ch;Mobile.World.ZH.Migros.City
115626;Besnik.Jakupi@salt.ch;KORAL.GmbH
115627;Ludovic.Girardin@salt.ch;Infotec.Service.Sàrl
115628;Fikret.Aydin@salt.ch;VeryFile.SA
115629;Fikret.Aydin@salt.ch;VeryFile.SA.390
115631;Philippe.Ayoun@salt.ch;SBS.Vanessa.Pinto.115631
115633;Ludovic.Girardin@salt.ch;Swiss.Premium.Insurance.Sàrl
